DATE,WLEMUINDXD
1/1/2008,149.95
2/1/2008,97.01
3/1/2008,12.12
4/1/2008,45.17
5/1/2008,143.82
6/1/2008,68.94
7/1/2008,64.25
8/1/2008,17
9/1/2008,74.77
10/1/2008,77.44
11/1/2008,76.18
12/1/2008,97
13/1/2008,32.59
14/1/2008,51.75
15/1/2008,186.88
16/1/2008,6.32
17/1/2008,25.14
18/1/2008,186.46
19/1/2008,66.35
20/1/2008,64.88
21/1/2008,290.51
22/1/2008,442.72
23/1/2008,195.28
24/1/2008,70.15
25/1/2008,158.53
26/1/2008,210.43
27/1/2008,104.12
28/1/2008,345.99
29/1/2008,124.66
30/1/2008,159.58
31/1/2008,15.13
1/2/2008,92.13
2/2/2008,92.88
3/2/2008,53.7
4/2/2008,41.56
5/2/2008,81.46
6/2/2008,24.15
7/2/2008,37.07
8/2/2008,68.25
9/2/2008,185.64
10/2/2008,38.72
11/2/2008,72.35
12/2/2008,91.66
13/2/2008,189.85
14/2/2008,55.48
15/2/2008,31.89
16/2/2008,62.58
17/2/2008,122.28
18/2/2008,94.76
19/2/2008,24.64
20/2/2008,30.51
21/2/2008,60.66
22/2/2008,19.62
23/2/2008,63.61
24/2/2008,31.11
25/2/2008,10.06
26/2/2008,161.98
27/2/2008,18.03
28/2/2008,10.07
29/2/2008,50.86
1/3/2008,44.76
2/3/2008,15.52
3/3/2008,30.5
4/3/2008,92.27
5/3/2008,90.79
6/3/2008,75.68
7/3/2008,13.02
8/3/2008,101.16
9/3/2008,15.63
10/3/2008,20.78
11/3/2008,7.88
12/3/2008,12.76
13/3/2008,10.09
14/3/2008,12.99
15/3/2008,18.42
16/3/2008,40.02
17/3/2008,252.58
18/3/2008,149.64
19/3/2008,62.35
20/3/2008,63.05
21/3/2008,280.8
22/3/2008,60.57
23/3/2008,72.74
24/3/2008,15.76
25/3/2008,57.44
26/3/2008,25.24
27/3/2008,45.46
28/3/2008,27.63
29/3/2008,88.05
30/3/2008,60.62
31/3/2008,49.88
1/4/2008,57.48
2/4/2008,89.68
3/4/2008,9.79
4/4/2008,26.62
5/4/2008,28.97
6/4/2008,8.04
7/4/2008,30.51
8/4/2008,22.37
9/4/2008,24.25
10/4/2008,10.05
11/4/2008,6.53
12/4/2008,47.43
13/4/2008,39.66
14/4/2008,52.18
15/4/2008,46.94
16/4/2008,34.48
17/4/2008,19.05
18/4/2008,18.88
19/4/2008,66.08
20/4/2008,31
21/4/2008,113.89
22/4/2008,54.91
23/4/2008,17.65
24/4/2008,34.43
25/4/2008,19.1
26/4/2008,46.31
27/4/2008,7.94
28/4/2008,50.58
29/4/2008,8.09
30/4/2008,89.92
1/5/2008,14.48
2/5/2008,18.72
3/5/2008,27.93
4/5/2008,40.11
5/5/2008,19.4
6/5/2008,31.37
7/5/2008,6.22
8/5/2008,4.87
9/5/2008,19.43
10/5/2008,19.14
11/5/2008,15.93
12/5/2008,64.73
13/5/2008,113.88
14/5/2008,19.38
15/5/2008,4.92
16/5/2008,13.15
17/5/2008,76.66
18/5/2008,48.7
19/5/2008,52.54
20/5/2008,16.1
21/5/2008,31.97
22/5/2008,4.91
23/5/2008,6.61
24/5/2008,39.19
25/5/2008,8.32
26/5/2008,13.98
27/5/2008,28.62
28/5/2008,13.47
29/5/2008,5.2
30/5/2008,6.65
31/5/2008,19.5
1/6/2008,16.2
2/6/2008,10.46
3/6/2008,16.49
4/6/2008,13.54
5/6/2008,15.78
6/6/2008,40.57
7/6/2008,19.78
8/6/2008,16.6
9/6/2008,63.46
10/6/2008,49.07
11/6/2008,6.64
12/6/2008,15.28
13/6/2008,20.47
14/6/2008,19.97
15/6/2008,42.04
16/6/2008,64.77
17/6/2008,24.69
18/6/2008,6.44
19/6/2008,21.15
20/6/2008,162.06
21/6/2008,20.46
22/6/2008,8.69
23/6/2008,10.98
24/6/2008,40.47
25/6/2008,6.39
26/6/2008,10.53
27/6/2008,42.08
28/6/2008,115.47
29/6/2008,51.99
30/6/2008,55.14
1/7/2008,40.7
2/7/2008,13.59
3/7/2008,15.74
4/7/2008,27.55
5/7/2008,85.86
6/7/2008,8.82
7/7/2008,53.96
8/7/2008,34.52
9/7/2008,74.49
10/7/2008,47.15
11/7/2008,42.51
12/7/2008,93.16
13/7/2008,33.88
14/7/2008,236.35
15/7/2008,337.31
16/7/2008,107.94
17/7/2008,73.46
18/7/2008,49.06
19/7/2008,82.25
20/7/2008,33.97
21/7/2008,10.77
22/7/2008,33.92
23/7/2008,19.78
24/7/2008,26.83
25/7/2008,20.72
26/7/2008,60.4
27/7/2008,33.07
28/7/2008,20.55
29/7/2008,33.67
30/7/2008,12.97
31/7/2008,5.06
1/8/2008,6.7
2/8/2008,40.82
3/8/2008,16.81
4/8/2008,20.81
5/8/2008,33.38
6/8/2008,25.34
7/8/2008,72.57
8/8/2008,27.76
9/8/2008,30.64
10/8/2008,42.38
11/8/2008,20.64
12/8/2008,40.93
13/8/2008,18.86
14/8/2008,87.51
15/8/2008,87.13
16/8/2008,59.85
17/8/2008,93.76
18/8/2008,41.06
19/8/2008,32.96
20/8/2008,43.86
21/8/2008,41.68
22/8/2008,56.03
23/8/2008,39.72
24/8/2008,23.35
25/8/2008,20.79
26/8/2008,15.54
27/8/2008,5.81
28/8/2008,4.88
29/8/2008,6.52
30/8/2008,18.67
31/8/2008,32.85
1/9/2008,41.6
2/9/2008,89.39
3/9/2008,56.34
4/9/2008,20.35
5/9/2008,25.79
6/9/2008,54.55
7/9/2008,8.21
8/9/2008,60.82
9/9/2008,62.24
10/9/2008,47.94
11/9/2008,9.82
12/9/2008,38.74
13/9/2008,54.94
14/9/2008,30.73
15/9/2008,353.92
16/9/2008,176.6
17/9/2008,155.16
18/9/2008,224.64
19/9/2008,199.51
20/9/2008,395.62
21/9/2008,81.62
22/9/2008,228.69
23/9/2008,236.49
24/9/2008,115.97
25/9/2008,385.31
26/9/2008,154.32
27/9/2008,260.34
28/9/2008,215.74
29/9/2008,1117.23
30/9/2008,504.44
1/10/2008,272.19
2/10/2008,192.94
3/10/2008,111.06
4/10/2008,363.47
5/10/2008,353.38
6/10/2008,459.7
7/10/2008,274.72
8/10/2008,373.6
9/10/2008,245.39
10/10/2008,291.02
11/10/2008,413.58
12/10/2008,238.62
13/10/2008,313.62
14/10/2008,257.6
15/10/2008,271.99
16/10/2008,158.38
17/10/2008,236.39
18/10/2008,331.95
19/10/2008,139.06
20/10/2008,230.8
21/10/2008,197.4
22/10/2008,154.31
23/10/2008,125.66
24/10/2008,156.97
25/10/2008,491.11
26/10/2008,134.06
27/10/2008,275.38
28/10/2008,161.95
29/10/2008,93.15
30/10/2008,61.32
31/10/2008,132.24
1/11/2008,295.51
2/11/2008,189.68
3/11/2008,278.65
4/11/2008,328.58
5/11/2008,99.14
6/11/2008,109.53
7/11/2008,52.76
8/11/2008,117.26
9/11/2008,106.55
10/11/2008,136.6
11/11/2008,114.3
12/11/2008,130.98
13/11/2008,65.44
14/11/2008,56.71
15/11/2008,144.65
16/11/2008,126.51
17/11/2008,116.36
18/11/2008,255.6
19/11/2008,241.07
20/11/2008,130.31
21/11/2008,177.11
22/11/2008,335.72
23/11/2008,247.9
24/11/2008,429.15
25/11/2008,242.12
26/11/2008,243.6
27/11/2008,138.57
28/11/2008,119.51
29/11/2008,552.23
30/11/2008,257.2
1/12/2008,154.88
2/12/2008,269.96
3/12/2008,96.56
4/12/2008,78.93
5/12/2008,124.83
6/12/2008,206.12
7/12/2008,67.49
8/12/2008,83.65
9/12/2008,78.04
10/12/2008,132.04
11/12/2008,134.74
12/12/2008,19.87
13/12/2008,96.78
14/12/2008,66.11
15/12/2008,113.14
16/12/2008,152.21
17/12/2008,62.26
18/12/2008,30.51
19/12/2008,88.16
20/12/2008,123.29
21/12/2008,159.04
22/12/2008,132.32
23/12/2008,136.1
24/12/2008,113.5
25/12/2008,231.24
26/12/2008,187.92
27/12/2008,528.16
28/12/2008,55.44
29/12/2008,132.21
30/12/2008,237.74
31/12/2008,202.28
1/1/2009,199.53
2/1/2009,75.54
3/1/2009,324.25
4/1/2009,823.76
5/1/2009,52.52
6/1/2009,72.85
7/1/2009,74.41
8/1/2009,48.86
9/1/2009,6.93
10/1/2009,136.67
11/1/2009,103.99
12/1/2009,111.28
13/1/2009,77.77
14/1/2009,72.74
15/1/2009,70.13
16/1/2009,88.69
17/1/2009,144.63
18/1/2009,50.2
19/1/2009,42.7
20/1/2009,113.75
21/1/2009,146.2
22/1/2009,100.58
23/1/2009,67.76
24/1/2009,105.86
25/1/2009,59.52
26/1/2009,145.73
27/1/2009,22.64
28/1/2009,48.79
29/1/2009,33.51
30/1/2009,34.28
31/1/2009,86.09
1/2/2009,24.6
2/2/2009,93.42
3/2/2009,117.26
4/2/2009,60.43
5/2/2009,48.86
6/2/2009,72.59
7/2/2009,104.39
8/2/2009,33.71
9/2/2009,59.94
10/2/2009,141.03
11/2/2009,76.45
12/2/2009,85.95
13/2/2009,102.49
14/2/2009,246.43
15/2/2009,60.83
16/2/2009,52.52
17/2/2009,142.74
18/2/2009,36.43
19/2/2009,33.47
20/2/2009,102
21/2/2009,170.06
22/2/2009,56.27
23/2/2009,166.27
24/2/2009,281.65
25/2/2009,97.71
26/2/2009,107.51
27/2/2009,46.51
28/2/2009,169.84
1/3/2009,121.91
2/3/2009,108.53
3/3/2009,93.35
4/3/2009,30.54
5/3/2009,53.08
6/3/2009,121.15
7/3/2009,391.62
8/3/2009,219.76
9/3/2009,277.66
10/3/2009,53.12
11/3/2009,91.36
12/3/2009,190.9
13/3/2009,74.8
14/3/2009,205.12
15/3/2009,85.57
16/3/2009,58.83
17/3/2009,15.22
18/3/2009,61.4
19/3/2009,121.58
20/3/2009,56.69
21/3/2009,104.1
22/3/2009,61.86
23/3/2009,111.21
24/3/2009,68.51
25/3/2009,114.91
26/3/2009,130.42
27/3/2009,34.32
28/3/2009,166.63
29/3/2009,35.2
30/3/2009,147.02
31/3/2009,110.24
1/4/2009,104.91
2/4/2009,58.5
3/4/2009,30.45
4/4/2009,131.4
5/4/2009,26.17
6/4/2009,19.99
7/4/2009,46.79
8/4/2009,24.33
9/4/2009,16.1
10/4/2009,28.09
11/4/2009,74.98
12/4/2009,98.9
13/4/2009,170.87
14/4/2009,53.65
15/4/2009,89.9
16/4/2009,21.74
17/4/2009,40.6
18/4/2009,80.53
19/4/2009,26.07
20/4/2009,49.86
21/4/2009,45.36
22/4/2009,59.98
23/4/2009,109.96
24/4/2009,31.19
25/4/2009,48.66
26/4/2009,37.57
27/4/2009,77.25
28/4/2009,107.11
29/4/2009,89.91
30/4/2009,42.72
1/5/2009,45.43
2/5/2009,50.03
3/5/2009,44.44
4/5/2009,20.13
5/5/2009,52.24
6/5/2009,17.93
7/5/2009,26.69
8/5/2009,26.48
9/5/2009,30.32
10/5/2009,17.29
11/5/2009,30.82
12/5/2009,22.91
13/5/2009,29.91
14/5/2009,16.37
15/5/2009,13.61
16/5/2009,60.27
17/5/2009,8.85
18/5/2009,10.14
19/5/2009,7.62
20/5/2009,48
21/5/2009,21.91
22/5/2009,21.27
23/5/2009,115.88
24/5/2009,9.09
25/5/2009,132.22
26/5/2009,27.05
27/5/2009,20.94
28/5/2009,34.29
29/5/2009,7.01
30/5/2009,20.41
31/5/2009,26.48
1/6/2009,31.41
2/6/2009,23.78
3/6/2009,44.07
4/6/2009,17.06
5/6/2009,35.18
6/6/2009,74.35
7/6/2009,8.97
8/6/2009,10.54
9/6/2009,8.11
10/6/2009,21.51
11/6/2009,17.29
12/6/2009,14.12
13/6/2009,21.69
14/6/2009,36.23
15/6/2009,21.36
16/6/2009,17.02
17/6/2009,25.92
18/6/2009,39.51
19/6/2009,7.25
20/6/2009,90.49
21/6/2009,18.51
22/6/2009,122.02
23/6/2009,16.51
24/6/2009,13.21
25/6/2009,17.95
26/6/2009,131.86
27/6/2009,33.49
28/6/2009,18.7
29/6/2009,34.08
30/6/2009,66.72
1/7/2009,6.63
2/7/2009,6.05
3/7/2009,9.04
4/7/2009,166.13
5/7/2009,50.76
6/7/2009,11.38
7/7/2009,85.81
8/7/2009,27.83
9/7/2009,88.64
10/7/2009,14.95
11/7/2009,56.8
12/7/2009,39.23
13/7/2009,20.53
14/7/2009,16.71
15/7/2009,27.42
16/7/2009,12.08
17/7/2009,14.92
18/7/2009,33.75
19/7/2009,37.84
20/7/2009,32.25
21/7/2009,54.65
22/7/2009,6.65
23/7/2009,11.86
24/7/2009,7.41
25/7/2009,43.91
26/7/2009,9.13
27/7/2009,21.21
28/7/2009,71.05
29/7/2009,119.69
30/7/2009,29.21
31/7/2009,29.94
1/8/2009,89.11
2/8/2009,73.7
3/8/2009,10.59
4/8/2009,24.51
5/8/2009,6.46
6/8/2009,11.95
7/8/2009,14.87
8/8/2009,33.16
9/8/2009,27.74
10/8/2009,31.75
11/8/2009,33.43
12/8/2009,19.84
13/8/2009,5.98
14/8/2009,22.32
15/8/2009,124.62
16/8/2009,18.86
17/8/2009,10.9
18/8/2009,71.52
19/8/2009,20.36
20/8/2009,34.28
21/8/2009,14.52
22/8/2009,44.33
23/8/2009,36.51
24/8/2009,44.45
25/8/2009,42.39
26/8/2009,6.36
27/8/2009,5.81
28/8/2009,7.28
29/8/2009,104.54
30/8/2009,98.94
31/8/2009,117.95
1/9/2009,39.94
2/9/2009,38.69
3/9/2009,33.92
4/9/2009,48.02
5/9/2009,71.35
6/9/2009,79.37
7/9/2009,49
8/9/2009,37.66
9/9/2009,36.59
10/9/2009,10.98
11/9/2009,46.66
12/9/2009,97.6
13/9/2009,8.35
14/9/2009,30.66
15/9/2009,7.68
16/9/2009,6.12
17/9/2009,5.4
18/9/2009,20.14
19/9/2009,29.37
20/9/2009,33.8
21/9/2009,130.08
22/9/2009,24.55
23/9/2009,6.07
24/9/2009,10.77
25/9/2009,13.55
26/9/2009,58.97
27/9/2009,93.11
28/9/2009,41.08
29/9/2009,16.39
30/9/2009,24.19
1/10/2009,21.82
2/10/2009,87.07
3/10/2009,19.64
4/10/2009,17
5/10/2009,20.05
6/10/2009,22.99
7/10/2009,6.88
8/10/2009,21.33
9/10/2009,13.38
10/10/2009,19.27
11/10/2009,8.52
12/10/2009,30.57
13/10/2009,16.25
14/10/2009,36.94
15/10/2009,5.53
16/10/2009,6.53
17/10/2009,57.24
18/10/2009,16.92
19/10/2009,29.68
20/10/2009,62.4
21/10/2009,17.66
22/10/2009,16.02
23/10/2009,33.04
24/10/2009,88.91
25/10/2009,17
26/10/2009,9.85
27/10/2009,30.77
28/10/2009,23.77
29/10/2009,21.19
30/10/2009,12.96
31/10/2009,86.01
1/11/2009,32.39
2/11/2009,19.69
3/11/2009,865.31
4/11/2009,23.6
5/11/2009,32.89
6/11/2009,39.47
7/11/2009,57.94
8/11/2009,66.87
9/11/2009,19.39
10/11/2009,31.51
11/11/2009,24.65
12/11/2009,10.31
13/11/2009,12.68
14/11/2009,9.81
15/11/2009,8.5
16/11/2009,9.79
17/11/2009,7.99
18/11/2009,42.62
19/11/2009,19.94
20/11/2009,19.07
21/11/2009,30.25
22/11/2009,17.43
23/11/2009,37.85
24/11/2009,22.93
25/11/2009,40.93
26/11/2009,23.78
27/11/2009,24.75
28/11/2009,35.65
29/11/2009,45.49
30/11/2009,376.29
1/12/2009,306.01
2/12/2009,232.89
3/12/2009,5.4
4/12/2009,6.73
5/12/2009,52.67
6/12/2009,8.62
7/12/2009,31.43
8/12/2009,105.54
9/12/2009,62.3
10/12/2009,16.01
11/12/2009,6.66
12/12/2009,53.03
13/12/2009,25.96
14/12/2009,83.98
15/12/2009,16.46
16/12/2009,18.26
17/12/2009,15.83
18/12/2009,6.84
19/12/2009,43.41
20/12/2009,18.09
21/12/2009,10.86
22/12/2009,49.42
23/12/2009,90.91
24/12/2009,6.76
25/12/2009,142.13
26/12/2009,205.68
27/12/2009,110.33
28/12/2009,43.85
29/12/2009,34.24
30/12/2009,27.45
31/12/2009,53.59
1/1/2010,57.28
2/1/2010,122.78
3/1/2010,78.56
4/1/2010,114.26
5/1/2010,16.2
6/1/2010,6
7/1/2010,30.9
8/1/2010,19.61
9/1/2010,113.65
10/1/2010,51.36
11/1/2010,48.54
12/1/2010,15.31
13/1/2010,11.8
14/1/2010,46.95
15/1/2010,43.36
16/1/2010,59.51
17/1/2010,8.44
18/1/2010,10.05
19/1/2010,16.18
20/1/2010,119.63
21/1/2010,103.9
22/1/2010,87.24
23/1/2010,105.71
24/1/2010,64.91
25/1/2010,264.44
26/1/2010,39.15
27/1/2010,30.14
28/1/2010,71.38
29/1/2010,32.57
30/1/2010,62.16
31/1/2010,16.92
1/2/2010,29.04
2/2/2010,46.36
3/2/2010,68.29
4/2/2010,10.09
5/2/2010,37.8
6/2/2010,9.91
7/2/2010,8.31
8/2/2010,58.74
9/2/2010,45.14
10/2/2010,24.07
11/2/2010,41.87
12/2/2010,25.16
13/2/2010,19.85
14/2/2010,47.17
15/2/2010,60.68
16/2/2010,15.89
17/2/2010,11.96
18/2/2010,30.14
19/2/2010,31.42
20/2/2010,50.62
21/2/2010,8.06
22/2/2010,39.31
23/2/2010,37.07
24/2/2010,11.38
25/2/2010,10.36
26/2/2010,6.19
27/2/2010,37.6
28/2/2010,31.17
1/3/2010,28.76
2/3/2010,22.61
3/3/2010,11.59
4/3/2010,9.92
5/3/2010,6.11
6/3/2010,37.96
7/3/2010,7.96
8/3/2010,9.44
9/3/2010,37.88
10/3/2010,46.93
11/3/2010,39.3
12/3/2010,48.32
13/3/2010,38.9
14/3/2010,7.99
15/3/2010,9.77
16/3/2010,7.71
17/3/2010,5.98
18/3/2010,39.34
19/3/2010,37.12
20/3/2010,68.79
21/3/2010,32.78
22/3/2010,130.09
23/3/2010,39.02
24/3/2010,18.33
25/3/2010,24.86
26/3/2010,12.7
27/3/2010,79.77
28/3/2010,23.69
29/3/2010,29.96
30/3/2010,7.89
31/3/2010,62.1
1/4/2010,82.38
2/4/2010,12.85
3/4/2010,145.65
4/4/2010,16.86
5/4/2010,30.99
6/4/2010,15.23
7/4/2010,6
8/4/2010,4.99
9/4/2010,25.06
10/4/2010,29.7
11/4/2010,40.82
12/4/2010,29.99
13/4/2010,37.91
14/4/2010,18.18
15/4/2010,28.93
16/4/2010,74
17/4/2010,66.76
18/4/2010,33.04
19/4/2010,49.01
20/4/2010,57.51
21/4/2010,5.88
22/4/2010,4.9
23/4/2010,11.99
24/4/2010,48.26
25/4/2010,24.23
26/4/2010,28.02
27/4/2010,28.44
28/4/2010,11.15
29/4/2010,9.59
30/4/2010,11.98
1/5/2010,18.99
2/5/2010,16.07
3/5/2010,58.63
4/5/2010,52.35
5/5/2010,51.39
6/5/2010,101.92
7/5/2010,136.22
8/5/2010,147.09
9/5/2010,40.33
10/5/2010,29.37
11/5/2010,22.22
12/5/2010,45.45
13/5/2010,4.8
14/5/2010,5.98
15/5/2010,57.53
16/5/2010,55.04
17/5/2010,27.99
18/5/2010,20.93
19/5/2010,52.04
20/5/2010,81.54
21/5/2010,53.37
22/5/2010,28.95
23/5/2010,39.64
24/5/2010,115.98
25/5/2010,49.84
26/5/2010,69.26
27/5/2010,34.61
28/5/2010,67.13
29/5/2010,69.89
30/5/2010,25.56
31/5/2010,43.57
1/6/2010,25.67
2/6/2010,24.14
3/6/2010,37.23
4/6/2010,37.86
5/6/2010,20.54
6/6/2010,25.34
7/6/2010,39.61
8/6/2010,109.47
9/6/2010,73.8
10/6/2010,26.33
11/6/2010,25.83
12/6/2010,30.84
13/6/2010,50.75
14/6/2010,70.24
15/6/2010,156.14
16/6/2010,96.73
17/6/2010,54.38
18/6/2010,6.62
19/6/2010,10.41
20/6/2010,24.44
21/6/2010,30.41
22/6/2010,39.25
23/6/2010,43.84
24/6/2010,40.88
25/6/2010,25.58
26/6/2010,51.07
27/6/2010,42.53
28/6/2010,64.61
29/6/2010,58.34
30/6/2010,63.45
1/7/2010,75.32
2/7/2010,28.4
3/7/2010,122.31
4/7/2010,55.2
5/7/2010,28.59
6/7/2010,106.25
7/7/2010,20.94
8/7/2010,51.03
9/7/2010,7.4
10/7/2010,129.67
11/7/2010,63.9
12/7/2010,63.64
13/7/2010,25.31
14/7/2010,48.42
15/7/2010,44.23
16/7/2010,27.99
17/7/2010,33.7
18/7/2010,44.98
19/7/2010,63.31
20/7/2010,76.19
21/7/2010,99.69
22/7/2010,33.41
23/7/2010,14.39
24/7/2010,76.64
25/7/2010,77.28
26/7/2010,203.2
27/7/2010,117.63
28/7/2010,44.56
29/7/2010,11.02
30/7/2010,7
31/7/2010,97.47
1/8/2010,155.18
2/8/2010,86.54
3/8/2010,58.82
4/8/2010,67.03
5/8/2010,148.69
6/8/2010,27.36
7/8/2010,108.32
8/8/2010,26.11
9/8/2010,32.63
10/8/2010,40.07
11/8/2010,127.25
12/8/2010,73.29
13/8/2010,229.84
14/8/2010,100.68
15/8/2010,79.81
16/8/2010,105.11
17/8/2010,17.48
18/8/2010,13.99
19/8/2010,39.11
20/8/2010,14.44
21/8/2010,206.46
22/8/2010,58.87
23/8/2010,34.86
24/8/2010,35.88
25/8/2010,47.22
26/8/2010,126.97
27/8/2010,70.33
28/8/2010,91.36
29/8/2010,114.26
30/8/2010,34.95
31/8/2010,206.04
1/9/2010,155.84
2/9/2010,16.58
3/9/2010,13.51
4/9/2010,87.83
5/9/2010,43.11
6/9/2010,77.26
7/9/2010,98.53
8/9/2010,13.45
9/9/2010,16.06
10/9/2010,33.5
11/9/2010,65.74
12/9/2010,33.04
13/9/2010,86.84
14/9/2010,62.37
15/9/2010,31.25
16/9/2010,32.26
17/9/2010,20.1
18/9/2010,66.59
19/9/2010,67.27
20/9/2010,123.81
21/9/2010,89.56
22/9/2010,13.18
23/9/2010,5.33
24/9/2010,19.92
25/9/2010,94.74
26/9/2010,33.09
27/9/2010,10.96
28/9/2010,66.77
29/9/2010,37.85
30/9/2010,30.93
1/10/2010,13.5
2/10/2010,28.31
3/10/2010,16.26
4/10/2010,43.26
5/10/2010,50.67
6/10/2010,19.25
7/10/2010,59.59
8/10/2010,44.07
9/10/2010,18.08
10/10/2010,47.96
11/10/2010,41.88
12/10/2010,47.72
13/10/2010,274.39
14/10/2010,211.55
15/10/2010,18.73
16/10/2010,35.25
17/10/2010,62.99
18/10/2010,50.38
19/10/2010,7.73
20/10/2010,6.09
21/10/2010,9.66
22/10/2010,12.44
23/10/2010,89.9
24/10/2010,15.67
25/10/2010,50.03
26/10/2010,7.48
27/10/2010,24.18
28/10/2010,28.74
29/10/2010,185.41
30/10/2010,78.7
31/10/2010,46.53
1/11/2010,121.49
2/11/2010,37.91
3/11/2010,115.83
4/11/2010,30.33
5/11/2010,31.75
6/11/2010,80.4
7/11/2010,7.83
8/11/2010,50.36
9/11/2010,30.92
10/11/2010,17.66
11/11/2010,21.16
12/11/2010,19.63
13/11/2010,46.26
14/11/2010,111.42
15/11/2010,83.38
16/11/2010,39.47
17/11/2010,6.32
18/11/2010,15.62
19/11/2010,19.38
20/11/2010,57.59
21/11/2010,24.38
22/11/2010,20.33
23/11/2010,7.94
24/11/2010,17.87
25/11/2010,7.47
26/11/2010,40.38
27/11/2010,66.77
28/11/2010,53.05
29/11/2010,65.67
30/11/2010,16.52
1/12/2010,25.59
2/12/2010,10.9
3/12/2010,20.01
4/12/2010,29.25
5/12/2010,17.03
6/12/2010,31.67
7/12/2010,24.67
8/12/2010,31.26
9/12/2010,31.41
10/12/2010,13.56
11/12/2010,100.24
12/12/2010,51.24
13/12/2010,64.87
14/12/2010,8.08
15/12/2010,18.84
16/12/2010,10.59
17/12/2010,6.76
18/12/2010,30.47
19/12/2010,8.71
20/12/2010,21.51
21/12/2010,24.89
22/12/2010,12.82
23/12/2010,11.64
24/12/2010,35.57
25/12/2010,103.68
26/12/2010,20.17
27/12/2010,23.75
28/12/2010,46.34
29/12/2010,35.07
30/12/2010,82.76
31/12/2010,87.88
1/1/2011,296.77
2/1/2011,85.31
3/1/2011,21.97
4/1/2011,33.85
5/1/2011,6.18
6/1/2011,5.41
7/1/2011,6.64
8/1/2011,39.36
9/1/2011,42.02
10/1/2011,10.42
11/1/2011,7.89
12/1/2011,37.62
13/1/2011,10.8
14/1/2011,13
15/1/2011,9.79
16/1/2011,8.38
17/1/2011,21.68
18/1/2011,16.26
19/1/2011,30.14
20/1/2011,25.95
21/1/2011,32.62
22/1/2011,29.92
23/1/2011,8.31
24/1/2011,31.52
25/1/2011,7.95
26/1/2011,29.48
27/1/2011,5.14
28/1/2011,30.94
29/1/2011,39.06
30/1/2011,127.25
31/1/2011,29.94
1/2/2011,30.36
2/2/2011,35.66
3/2/2011,5.17
4/2/2011,6.38
5/2/2011,19.19
6/2/2011,56.19
7/2/2011,10.21
8/2/2011,22.99
9/2/2011,11.49
10/2/2011,40.19
11/2/2011,6.26
12/2/2011,38.94
13/2/2011,88.51
14/2/2011,30.44
15/2/2011,23.19
16/2/2011,45.74
17/2/2011,14.88
18/2/2011,12.48
19/2/2011,65.76
20/2/2011,56.51
21/2/2011,31.41
22/2/2011,40.86
23/2/2011,34.44
24/2/2011,20.21
25/2/2011,12.45
26/2/2011,247.01
27/2/2011,39.84
28/2/2011,50.61
1/3/2011,30.21
2/3/2011,11.3
3/3/2011,9.95
4/3/2011,18.25
5/3/2011,18.47
6/3/2011,15.63
7/3/2011,50.03
8/3/2011,69.06
9/3/2011,22.71
10/3/2011,24.73
11/3/2011,88.27
12/3/2011,38.98
13/3/2011,72.57
14/3/2011,311.62
15/3/2011,142.85
16/3/2011,52.44
17/3/2011,19.87
18/3/2011,12.72
19/3/2011,168.93
20/3/2011,137.09
21/3/2011,31.08
22/3/2011,55.85
23/3/2011,39.77
24/3/2011,14.91
25/3/2011,63.32
26/3/2011,59.15
27/3/2011,48.28
28/3/2011,10.4
29/3/2011,55.96
30/3/2011,17.38
31/3/2011,125.02
1/4/2011,12.36
2/4/2011,9.87
3/4/2011,8.1
4/4/2011,10.07
5/4/2011,15.49
6/4/2011,11.05
7/4/2011,9.74
8/4/2011,6.16
9/4/2011,67.26
10/4/2011,16.01
11/4/2011,10.11
12/4/2011,7.72
13/4/2011,34.24
14/4/2011,137.38
15/4/2011,18.42
16/4/2011,214.03
17/4/2011,41.28
18/4/2011,29.53
19/4/2011,23.18
20/4/2011,11.83
21/4/2011,129.68
22/4/2011,36.91
23/4/2011,60.51
24/4/2011,33.22
25/4/2011,10.36
26/4/2011,30.6
27/4/2011,17.79
28/4/2011,9.77
29/4/2011,12.17
30/4/2011,104.46
1/5/2011,87.81
2/5/2011,10.05
3/5/2011,7.54
4/5/2011,17.17
5/5/2011,120.83
6/5/2011,12.21
7/5/2011,106.73
8/5/2011,88.66
9/5/2011,10.14
10/5/2011,7.67
11/5/2011,46.94
12/5/2011,4.96
13/5/2011,24.29
14/5/2011,105.1
15/5/2011,8.08
16/5/2011,30.41
17/5/2011,45.98
18/5/2011,35.84
19/5/2011,30.12
20/5/2011,37.24
21/5/2011,57.48
22/5/2011,48.87
23/5/2011,29.91
24/5/2011,30.28
25/5/2011,24.22
26/5/2011,15.22
27/5/2011,6.36
28/5/2011,30.81
29/5/2011,8.52
30/5/2011,15.01
31/5/2011,18.75
1/6/2011,31.19
2/6/2011,52.63
3/6/2011,58.21
4/6/2011,61.66
5/6/2011,67.02
6/6/2011,10.41
7/6/2011,32.67
8/6/2011,12.32
9/6/2011,144.67
10/6/2011,26.23
11/6/2011,114.4
12/6/2011,42.59
13/6/2011,44.2
14/6/2011,73.63
15/6/2011,81.82
16/6/2011,48.04
17/6/2011,13.24
18/6/2011,31.78
19/6/2011,84.6
20/6/2011,43.21
21/6/2011,8.38
22/6/2011,51.7
23/6/2011,5.34
24/6/2011,6.56
25/6/2011,10.47
26/6/2011,34.66
27/6/2011,43.91
28/6/2011,34.54
29/6/2011,107.03
30/6/2011,5.63
1/7/2011,6.87
2/7/2011,11.28
3/7/2011,9.11
4/7/2011,49.33
5/7/2011,29.11
6/7/2011,34.03
7/7/2011,5.7
8/7/2011,7.08
9/7/2011,53.54
10/7/2011,44.48
11/7/2011,55.8
12/7/2011,8.64
13/7/2011,33.22
14/7/2011,28.01
15/7/2011,33.56
16/7/2011,129.97
17/7/2011,9.02
18/7/2011,101.86
19/7/2011,33.31
20/7/2011,19.6
21/7/2011,33.13
22/7/2011,20.39
23/7/2011,220.08
24/7/2011,63.14
25/7/2011,11.41
26/7/2011,153.3
27/7/2011,73.38
28/7/2011,71.29
29/7/2011,192.85
30/7/2011,200.23
31/7/2011,107.25
1/8/2011,136.94
2/8/2011,351.47
3/8/2011,64.49
4/8/2011,197.48
5/8/2011,259.61
6/8/2011,304.64
7/8/2011,419.02
8/8/2011,897.41
9/8/2011,620.37
10/8/2011,388.49
11/8/2011,659.05
12/8/2011,417.71
13/8/2011,605.33
14/8/2011,249.42
15/8/2011,268.71
16/8/2011,220.85
17/8/2011,130.06
18/8/2011,153.98
19/8/2011,136.54
20/8/2011,147.24
21/8/2011,84.66
22/8/2011,150.13
23/8/2011,137.23
24/8/2011,122.94
25/8/2011,273.94
26/8/2011,95.27
27/8/2011,118.45
28/8/2011,57.66
29/8/2011,74.69
30/8/2011,57.09
31/8/2011,105
1/9/2011,137.94
2/9/2011,53.06
3/9/2011,37.89
4/9/2011,43.31
5/9/2011,135.92
6/9/2011,179.89
7/9/2011,160.02
8/9/2011,15.21
9/9/2011,31.62
10/9/2011,79.86
11/9/2011,37.56
12/9/2011,154.81
13/9/2011,126.95
14/9/2011,87.64
15/9/2011,32.73
16/9/2011,19.3
17/9/2011,119.66
18/9/2011,24.84
19/9/2011,20.6
20/9/2011,40.63
21/9/2011,100.94
22/9/2011,71.19
23/9/2011,50.46
24/9/2011,64.46
25/9/2011,56.73
26/9/2011,63.45
27/9/2011,77.74
28/9/2011,138.42
29/9/2011,15.54
30/9/2011,38.93
1/10/2011,148.6
2/10/2011,134.02
3/10/2011,209.55
4/10/2011,55.27
5/10/2011,65.98
6/10/2011,31.28
7/10/2011,18.52
8/10/2011,84.7
9/10/2011,33.92
10/10/2011,64.96
11/10/2011,23.51
12/10/2011,83.39
13/10/2011,20.43
14/10/2011,30.73
15/10/2011,64.24
16/10/2011,33.37
17/10/2011,40.62
18/10/2011,44.56
19/10/2011,76.03
20/10/2011,34.81
21/10/2011,17.52
22/10/2011,117.3
23/10/2011,73.72
24/10/2011,55.87
25/10/2011,38.99
26/10/2011,84.14
27/10/2011,89.24
28/10/2011,18.36
29/10/2011,72.73
30/10/2011,31.93
31/10/2011,31
1/11/2011,104.84
2/11/2011,58.61
3/11/2011,57.15
4/11/2011,75.24
5/11/2011,8.75
6/11/2011,23.69
7/11/2011,28.8
8/11/2011,43.55
9/11/2011,54.97
10/11/2011,43.94
11/11/2011,67.35
12/11/2011,72.87
13/11/2011,137.64
14/11/2011,47.97
15/11/2011,44.84
16/11/2011,46.53
17/11/2011,32
18/11/2011,40.48
19/11/2011,61.34
20/11/2011,69.97
21/11/2011,404.4
22/11/2011,33.66
23/11/2011,44.39
24/11/2011,30.55
25/11/2011,59.52
26/11/2011,138.77
27/11/2011,37.84
28/11/2011,56.65
29/11/2011,70.6
30/11/2011,46.02
1/12/2011,37.27
2/12/2011,20.2
3/12/2011,93.15
4/12/2011,42.75
5/12/2011,21.56
6/12/2011,75.3
7/12/2011,71.66
8/12/2011,71.24
9/12/2011,27.22
10/12/2011,84.44
11/12/2011,53.26
12/12/2011,22.19
13/12/2011,25.62
14/12/2011,39.41
15/12/2011,32.21
16/12/2011,41.16
17/12/2011,42.87
18/12/2011,18.09
19/12/2011,57.21
20/12/2011,35.11
21/12/2011,13.56
22/12/2011,34.32
23/12/2011,38.93
24/12/2011,173.07
25/12/2011,67.91
26/12/2011,98.34
27/12/2011,21.37
28/12/2011,29.81
29/12/2011,51.12
30/12/2011,100.79
31/12/2011,223.59
1/1/2012,64.08
2/1/2012,107.92
3/1/2012,72.18
4/1/2012,13.75
5/1/2012,76.78
6/1/2012,27.62
7/1/2012,126.96
8/1/2012,27.81
9/1/2012,11.49
10/1/2012,59.61
11/1/2012,38.43
12/1/2012,15.71
13/1/2012,33.82
14/1/2012,31.02
15/1/2012,53.15
16/1/2012,34.87
17/1/2012,18.38
18/1/2012,13.2
19/1/2012,21.15
20/1/2012,26.56
21/1/2012,92.4
22/1/2012,36
23/1/2012,87.65
24/1/2012,109.3
25/1/2012,26.02
26/1/2012,15.86
27/1/2012,20.62
28/1/2012,72.97
29/1/2012,60.74
30/1/2012,11.74
31/1/2012,43.37
1/2/2012,12.93
2/2/2012,15.41
3/2/2012,20.48
4/2/2012,20.32
5/2/2012,26.51
6/2/2012,11.88
7/2/2012,85.07
8/2/2012,13.02
9/2/2012,20.12
10/2/2012,27.57
11/2/2012,42.04
12/2/2012,17.91
13/2/2012,22.98
14/2/2012,16.93
15/2/2012,6.66
16/2/2012,5.35
17/2/2012,13.71
18/2/2012,30.3
19/2/2012,42.56
20/2/2012,58.15
21/2/2012,34.94
22/2/2012,12.77
23/2/2012,10.54
24/2/2012,26.76
25/2/2012,61.72
26/2/2012,43.34
27/2/2012,45.99
28/2/2012,75.58
29/2/2012,84.35
1/3/2012,10.43
2/3/2012,6.69
3/3/2012,60.28
4/3/2012,8.78
5/3/2012,32.81
6/3/2012,33.54
7/3/2012,13.23
8/3/2012,81.81
9/3/2012,20.74
10/3/2012,42.57
11/3/2012,26.57
12/3/2012,22.8
13/3/2012,8.61
14/3/2012,6.66
15/3/2012,16.45
16/3/2012,49
17/3/2012,22.16
18/3/2012,17.95
19/3/2012,23.1
20/3/2012,16.67
21/3/2012,6.74
22/3/2012,10.76
23/3/2012,14
24/3/2012,21.63
25/3/2012,152.44
26/3/2012,11.52
27/3/2012,17.15
28/3/2012,6.63
29/3/2012,10.84
30/3/2012,20.68
31/3/2012,43.17
1/4/2012,9.02
2/4/2012,11.68
3/4/2012,76.99
4/4/2012,6.68
5/4/2012,5.44
6/4/2012,64.66
7/4/2012,35.08
8/4/2012,9.4
9/4/2012,24.05
10/4/2012,221.99
11/4/2012,19.66
12/4/2012,16.15
13/4/2012,6.97
14/4/2012,21.4
15/4/2012,17.68
16/4/2012,10.91
17/4/2012,23.95
18/4/2012,87.59
19/4/2012,71.88
20/4/2012,6.65
21/4/2012,73.91
22/4/2012,26.56
23/4/2012,289.11
24/4/2012,42.23
25/4/2012,6.38
26/4/2012,45.75
27/4/2012,27.06
28/4/2012,41.62
29/4/2012,8.86
30/4/2012,45.16
1/5/2012,49.79
2/5/2012,6.45
3/5/2012,21.89
4/5/2012,26.88
5/5/2012,31.2
6/5/2012,44.69
7/5/2012,22.19
8/5/2012,24.91
9/5/2012,32.12
10/5/2012,25.56
11/5/2012,13.78
12/5/2012,41.81
13/5/2012,44.47
14/5/2012,78.99
15/5/2012,98.34
16/5/2012,59
17/5/2012,40.89
18/5/2012,28.02
19/5/2012,93.83
20/5/2012,9.03
21/5/2012,11.51
22/5/2012,25.44
23/5/2012,33.3
24/5/2012,15.62
25/5/2012,13.99
26/5/2012,43.26
27/5/2012,9.24
28/5/2012,32.59
29/5/2012,40.36
30/5/2012,20.44
31/5/2012,128.82
1/6/2012,307.89
2/6/2012,260.76
3/6/2012,135.64
4/6/2012,81.54
5/6/2012,8.85
6/6/2012,20.47
7/6/2012,37.72
8/6/2012,7.14
9/6/2012,66.71
10/6/2012,54.37
11/6/2012,82.13
12/6/2012,80.54
13/6/2012,48.46
14/6/2012,39.08
15/6/2012,44.02
16/6/2012,191.15
17/6/2012,37.54
18/6/2012,95.97
19/6/2012,35.99
20/6/2012,40.64
21/6/2012,127.4
22/6/2012,179.6
23/6/2012,33.19
24/6/2012,55.46
25/6/2012,285.88
26/6/2012,116
27/6/2012,14.07
28/6/2012,100.03
29/6/2012,64.88
30/6/2012,44.88
1/7/2012,37.83
2/7/2012,22.78
3/7/2012,77.28
4/7/2012,10.49
5/7/2012,129.22
6/7/2012,38.87
7/7/2012,47.85
8/7/2012,29.77
9/7/2012,34.96
10/7/2012,71.32
11/7/2012,34.84
12/7/2012,239.72
13/7/2012,86.8
14/7/2012,34.23
15/7/2012,96.04
16/7/2012,34.85
17/7/2012,26.12
18/7/2012,35.09
19/7/2012,38.75
20/7/2012,14.87
21/7/2012,83.85
22/7/2012,114.89
23/7/2012,121.73
24/7/2012,25.52
25/7/2012,48.62
26/7/2012,76.14
27/7/2012,14.62
28/7/2012,78.8
29/7/2012,67.11
30/7/2012,23.69
31/7/2012,8.98
1/8/2012,34.37
2/8/2012,34.21
3/8/2012,14.71
4/8/2012,102.93
5/8/2012,19.03
6/8/2012,33.31
7/8/2012,36.13
8/8/2012,27.63
9/8/2012,62.2
10/8/2012,7.33
11/8/2012,80.32
12/8/2012,9.54
13/8/2012,61.29
14/8/2012,64.5
15/8/2012,248.44
16/8/2012,5.81
17/8/2012,7.33
18/8/2012,47.1
19/8/2012,18.92
20/8/2012,48.45
21/8/2012,26.33
22/8/2012,6.85
23/8/2012,157.09
24/8/2012,21.65
25/8/2012,33.63
26/8/2012,18.84
27/8/2012,47.92
28/8/2012,8.93
29/8/2012,110.03
30/8/2012,39.27
31/8/2012,36.3
1/9/2012,20.96
2/9/2012,28.57
3/9/2012,144.63
4/9/2012,61.48
5/9/2012,109.59
6/9/2012,16.7
7/9/2012,21.09
8/9/2012,72.59
9/9/2012,46.04
10/9/2012,82.28
11/9/2012,102.02
12/9/2012,176.89
13/9/2012,180.93
14/9/2012,21.2
15/9/2012,100.51
16/9/2012,54.97
17/9/2012,59.05
18/9/2012,80.43
19/9/2012,53.81
20/9/2012,10.94
21/9/2012,14.01
22/9/2012,51.57
23/9/2012,82.98
24/9/2012,23.72
25/9/2012,52.28
26/9/2012,20.78
27/9/2012,22.04
28/9/2012,28.41
29/9/2012,72.2
30/9/2012,18.38
1/10/2012,128.63
2/10/2012,284.15
3/10/2012,40.66
4/10/2012,113.73
5/10/2012,7.01
6/10/2012,90.06
7/10/2012,18.12
8/10/2012,24.54
9/10/2012,60.34
10/10/2012,13.56
11/10/2012,5.38
12/10/2012,6.83
13/10/2012,31.23
14/10/2012,8.93
15/10/2012,47.24
16/10/2012,61.2
17/10/2012,46.38
18/10/2012,37.41
19/10/2012,19.7
20/10/2012,50.96
21/10/2012,17.56
22/10/2012,70.02
23/10/2012,43.85
24/10/2012,13.54
25/10/2012,21.83
26/10/2012,7
27/10/2012,51.94
28/10/2012,60.07
29/10/2012,178.68
30/10/2012,45.95
31/10/2012,21.05
1/11/2012,10.88
2/11/2012,34.91
3/11/2012,89.75
4/11/2012,81.16
5/11/2012,307.3
6/11/2012,295.77
7/11/2012,139.71
8/11/2012,22.21
9/11/2012,21.26
10/11/2012,62.21
11/11/2012,36.64
12/11/2012,48.27
13/11/2012,98.17
14/11/2012,81.04
15/11/2012,74.05
16/11/2012,6.91
17/11/2012,86.47
18/11/2012,34.71
19/11/2012,59.38
20/11/2012,8.87
21/11/2012,6.77
22/11/2012,15.96
23/11/2012,35.82
24/11/2012,122.21
25/11/2012,401.59
26/11/2012,153.98
27/11/2012,36.58
28/11/2012,77.08
29/11/2012,158.3
30/11/2012,22.01
1/12/2012,43.93
2/12/2012,28.02
3/12/2012,60.22
4/12/2012,9.13
5/12/2012,20.52
6/12/2012,11.34
7/12/2012,7.17
8/12/2012,56.7
9/12/2012,65.76
10/12/2012,12.12
11/12/2012,55.35
12/12/2012,34.73
13/12/2012,5.85
14/12/2012,22.47
15/12/2012,151.65
16/12/2012,28.58
17/12/2012,11.88
18/12/2012,9.44
19/12/2012,27.9
20/12/2012,73.43
21/12/2012,15.48
22/12/2012,86.75
23/12/2012,63.64
24/12/2012,72.18
25/12/2012,226.67
26/12/2012,46.81
27/12/2012,71.81
28/12/2012,68.49
29/12/2012,323.98
30/12/2012,160.42
31/12/2012,205.1
1/1/2013,191.99
2/1/2013,151.38
3/1/2013,78.61
4/1/2013,15.12
5/1/2013,117.13
6/1/2013,108.72
7/1/2013,49.07
8/1/2013,63.43
9/1/2013,35.12
10/1/2013,11.55
11/1/2013,7.46
12/1/2013,78.3
13/1/2013,19
14/1/2013,24.14
15/1/2013,44.85
16/1/2013,55.68
17/1/2013,5.68
18/1/2013,14.79
19/1/2013,32.92
20/1/2013,28.58
21/1/2013,50.56
22/1/2013,47.11
23/1/2013,20.77
24/1/2013,22.73
25/1/2013,14.13
26/1/2013,44.47
27/1/2013,56.31
28/1/2013,49.26
29/1/2013,61.48
30/1/2013,206.48
31/1/2013,50.56
1/2/2013,42.6
2/2/2013,65.16
3/2/2013,94.03
4/2/2013,36.76
5/2/2013,35.49
6/2/2013,33.71
7/2/2013,44.75
8/2/2013,14.04
9/2/2013,10.93
10/2/2013,46.02
11/2/2013,58.62
12/2/2013,8.72
13/2/2013,54.78
14/2/2013,34.5
15/2/2013,14.68
16/2/2013,11.11
17/2/2013,36.65
18/2/2013,111.43
19/2/2013,27.24
20/2/2013,13.58
21/2/2013,38.23
22/2/2013,7.2
23/2/2013,10.76
24/2/2013,18.07
25/2/2013,35.08
26/2/2013,43.21
27/2/2013,33.48
28/2/2013,39.44
1/3/2013,14.06
2/3/2013,90.46
3/3/2013,38.07
4/3/2013,45.62
5/3/2013,59.15
6/3/2013,123.54
7/3/2013,60.4
8/3/2013,64.71
9/3/2013,274.11
10/3/2013,65.84
11/3/2013,71.17
12/3/2013,60.33
13/3/2013,95.48
14/3/2013,133.07
15/3/2013,65.61
16/3/2013,33.7
17/3/2013,47.56
18/3/2013,81.84
19/3/2013,52.74
20/3/2013,62.21
21/3/2013,196.6
22/3/2013,36.54
23/3/2013,11.5
24/3/2013,29.2
25/3/2013,108.19
26/3/2013,45.61
27/3/2013,56.34
28/3/2013,34.81
29/3/2013,30.73
30/3/2013,24.16
31/3/2013,29.59
1/4/2013,74.55
2/4/2013,36.17
3/4/2013,7.03
4/4/2013,34.69
5/4/2013,37.13
6/4/2013,22.74
7/4/2013,19.08
8/4/2013,60.05
9/4/2013,45.24
10/4/2013,48.74
11/4/2013,11.16
12/4/2013,14.96
13/4/2013,11.66
14/4/2013,19.41
15/4/2013,36.49
16/4/2013,8.93
17/4/2013,28.44
18/4/2013,22.41
19/4/2013,7.55
20/4/2013,11.56
21/4/2013,48.06
22/4/2013,12.13
23/4/2013,8.89
24/4/2013,6.91
25/4/2013,5.57
26/4/2013,7.33
27/4/2013,11.22
28/4/2013,48.96
29/4/2013,12.24
30/4/2013,8.92
1/5/2013,6.95
2/5/2013,11.39
3/5/2013,29.62
4/5/2013,34.13
5/5/2013,19.36
6/5/2013,24.11
7/5/2013,8.77
8/5/2013,6.88
9/5/2013,6.08
10/5/2013,7.42
11/5/2013,91.47
12/5/2013,48.87
13/5/2013,49.45
14/5/2013,17.89
15/5/2013,13.85
16/5/2013,6.17
17/5/2013,7.29
18/5/2013,122.95
19/5/2013,48.6
20/5/2013,12.51
21/5/2013,17.85
22/5/2013,77.74
23/5/2013,99.59
24/5/2013,15.34
25/5/2013,11.97
26/5/2013,9.9
27/5/2013,17.61
28/5/2013,10.62
29/5/2013,7.34
30/5/2013,12.73
31/5/2013,15.26
1/6/2013,11.95
2/6/2013,30.35
3/6/2013,37.56
4/6/2013,18.69
5/6/2013,28.8
6/6/2013,12.73
7/6/2013,22.71
8/6/2013,36.35
9/6/2013,29.99
10/6/2013,12.58
11/6/2013,28.73
12/6/2013,58.8
13/6/2013,24.17
14/6/2013,24.42
15/6/2013,37.25
16/6/2013,62.32
17/6/2013,77.72
18/6/2013,56.49
19/6/2013,15.05
20/6/2013,18.46
21/6/2013,62.95
22/6/2013,12.56
23/6/2013,41.33
24/6/2013,12.99
25/6/2013,28.66
26/6/2013,7.56
27/6/2013,12.71
28/6/2013,49.53
29/6/2013,165.79
30/6/2013,53.44
1/7/2013,25.74
2/7/2013,19.67
3/7/2013,7.56
4/7/2013,37.14
5/7/2013,19
6/7/2013,40.73
7/7/2013,86.88
8/7/2013,26.84
9/7/2013,9.84
10/7/2013,7.75
11/7/2013,6.39
12/7/2013,8.21
13/7/2013,13
14/7/2013,21.25
15/7/2013,13.22
16/7/2013,49.54
17/7/2013,38.53
18/7/2013,6.47
19/7/2013,24.68
20/7/2013,12.89
21/7/2013,21.35
22/7/2013,53.38
23/7/2013,29.64
24/7/2013,15.7
25/7/2013,6.54
26/7/2013,8.39
27/7/2013,12.83
28/7/2013,31.64
29/7/2013,13.43
30/7/2013,50.02
31/7/2013,47.02
1/8/2013,25.69
2/8/2013,16.72
3/8/2013,12.86
4/8/2013,21.1
5/8/2013,26.3
6/8/2013,9.95
7/8/2013,7.76
8/8/2013,6.43
9/8/2013,75.47
10/8/2013,193.22
11/8/2013,63.76
12/8/2013,66.2
13/8/2013,49.39
14/8/2013,46.74
15/8/2013,25.64
16/8/2013,8.37
17/8/2013,12.71
18/8/2013,63.61
19/8/2013,13.28
20/8/2013,29.29
21/8/2013,84.15
22/8/2013,12.67
23/8/2013,8.05
24/8/2013,24.27
25/8/2013,59.29
26/8/2013,112.71
27/8/2013,47.12
28/8/2013,51.17
29/8/2013,49.74
30/8/2013,46.32
31/8/2013,122.62
1/9/2013,40.69
2/9/2013,54.19
3/9/2013,10.5
4/9/2013,21.92
5/9/2013,6.14
6/9/2013,7.63
7/9/2013,64.34
8/9/2013,9.64
9/9/2013,12.11
10/9/2013,92.75
11/9/2013,7.41
12/9/2013,6.04
13/9/2013,7.49
14/9/2013,21.79
15/9/2013,19.91
16/9/2013,98.41
17/9/2013,83.87
18/9/2013,29.54
19/9/2013,42.25
20/9/2013,53.63
21/9/2013,108.15
22/9/2013,78.14
23/9/2013,37.77
24/9/2013,9.31
25/9/2013,86.28
26/9/2013,24.39
27/9/2013,45.2
28/9/2013,10.85
29/9/2013,9.81
30/9/2013,72.64
1/10/2013,36.59
2/10/2013,43.64
3/10/2013,49.1
4/10/2013,95.4
5/10/2013,117.46
6/10/2013,88.94
7/10/2013,24.61
8/10/2013,120.96
9/10/2013,85.06
10/10/2013,112.86
11/10/2013,66.66
12/10/2013,54.32
13/10/2013,128.05
14/10/2013,63.16
15/10/2013,471.18
16/10/2013,307.52
17/10/2013,379.64
18/10/2013,68.22
19/10/2013,44.33
20/10/2013,105.17
21/10/2013,28.66
22/10/2013,55.3
23/10/2013,93.58
24/10/2013,41.55
25/10/2013,45.09
26/10/2013,33.06
27/10/2013,38.21
28/10/2013,48.46
29/10/2013,84.81
30/10/2013,7.11
31/10/2013,29.64
1/11/2013,7.45
2/11/2013,21.41
3/11/2013,28.91
4/11/2013,11.99
5/11/2013,27.73
6/11/2013,71.53
7/11/2013,6.16
8/11/2013,7.43
9/11/2013,43.85
10/11/2013,38.98
11/11/2013,38.24
12/11/2013,10.12
13/11/2013,14.67
14/11/2013,18.36
15/11/2013,62.31
16/11/2013,33.63
17/11/2013,29.51
18/11/2013,24.53
19/11/2013,9.48
20/11/2013,51.34
21/11/2013,31.21
22/11/2013,15.33
23/11/2013,11.72
24/11/2013,128.71
25/11/2013,137.88
26/11/2013,57.52
27/11/2013,43.55
28/11/2013,16.94
29/11/2013,38.45
30/11/2013,12.93
1/12/2013,31.3
2/12/2013,50.46
3/12/2013,9.68
4/12/2013,14.75
5/12/2013,19.39
6/12/2013,7.83
7/12/2013,12.04
8/12/2013,30.24
9/12/2013,25.4
10/12/2013,38.3
11/12/2013,22.25
12/12/2013,18.98
13/12/2013,132.81
14/12/2013,36.13
15/12/2013,20.31
16/12/2013,66.2
17/12/2013,38.51
18/12/2013,60.36
19/12/2013,199.77
20/12/2013,40.21
21/12/2013,24.17
22/12/2013,41.62
23/12/2013,13.16
24/12/2013,11.12
25/12/2013,29.18
26/12/2013,17.41
27/12/2013,37.37
28/12/2013,13.2
29/12/2013,43.95
30/12/2013,53.27
31/12/2013,85.34
1/1/2014,164.06
2/1/2014,32.8
3/1/2014,52.4
4/1/2014,12.78
5/1/2014,137.37
6/1/2014,66.26
7/1/2014,19.72
8/1/2014,83.06
9/1/2014,6.33
10/1/2014,7.76
11/1/2014,11.08
12/1/2014,60.27
13/1/2014,23.87
14/1/2014,8.81
15/1/2014,7.11
16/1/2014,12.5
17/1/2014,15.19
18/1/2014,21.44
19/1/2014,19.12
20/1/2014,12.41
21/1/2014,9.44
22/1/2014,167.6
23/1/2014,85.32
24/1/2014,7.61
25/1/2014,43.54
26/1/2014,28.66
27/1/2014,34.9
28/1/2014,87.24
29/1/2014,43.25
30/1/2014,11.91
31/1/2014,28.96
1/2/2014,10.62
2/2/2014,46.39
3/2/2014,101.47
4/2/2014,17.13
5/2/2014,67.52
6/2/2014,57.62
7/2/2014,7.22
8/2/2014,10.71
9/2/2014,28.93
10/2/2014,23.15
11/2/2014,84.44
12/2/2014,41.26
13/2/2014,24.97
14/2/2014,13.39
15/2/2014,10.28
16/2/2014,9.08
17/2/2014,11.97
18/2/2014,9.28
19/2/2014,28.9
20/2/2014,12.36
21/2/2014,7.61
22/2/2014,22.85
23/2/2014,19.67
24/2/2014,49.14
25/2/2014,9.09
26/2/2014,7.24
27/2/2014,6.14
28/2/2014,7.48
1/3/2014,22.09
2/3/2014,9.31
3/3/2014,36.08
4/3/2014,54.86
5/3/2014,93.71
6/3/2014,90.05
7/3/2014,88.85
8/3/2014,54.68
9/3/2014,56.17
10/3/2014,24.23
11/3/2014,17.47
12/3/2014,21.13
13/3/2014,17.89
14/3/2014,7.46
15/3/2014,55.38
16/3/2014,9.33
17/3/2014,11.87
18/3/2014,8.89
19/3/2014,14.24
20/3/2014,36.26
21/3/2014,38.89
22/3/2014,72.96
23/3/2014,18.65
24/3/2014,12.12
25/3/2014,9.01
26/3/2014,7.17
27/3/2014,6.05
28/3/2014,52.86
29/3/2014,11.19
30/3/2014,9.33
31/3/2014,23.53
1/4/2014,79.94
2/4/2014,7.01
3/4/2014,6.1
4/4/2014,7.42
5/4/2014,11.03
6/4/2014,9.26
7/4/2014,28.66
8/4/2014,28.66
9/4/2014,6.98
10/4/2014,5.83
11/4/2014,7.25
12/4/2014,10.89
13/4/2014,28.6
14/4/2014,11.68
15/4/2014,8.75
16/4/2014,7.18
17/4/2014,17.88
18/4/2014,7.53
19/4/2014,11.21
20/4/2014,18.95
21/4/2014,12.38
22/4/2014,8.9
23/4/2014,6.96
24/4/2014,5.84
25/4/2014,7.35
26/4/2014,11.05
27/4/2014,9.29
28/4/2014,23.58
29/4/2014,35.13
30/4/2014,14.01
1/5/2014,5.91
2/5/2014,71.99
3/5/2014,10.91
4/5/2014,18.97
5/5/2014,11.99
6/5/2014,77.14
7/5/2014,6.92
8/5/2014,5.98
9/5/2014,14.49
10/5/2014,10.7
11/5/2014,8.85
12/5/2014,11.94
13/5/2014,8.87
14/5/2014,7.11
15/5/2014,12.14
16/5/2014,8.72
17/5/2014,107.44
18/5/2014,27.71
19/5/2014,11.74
20/5/2014,8.67
21/5/2014,6.98
22/5/2014,11.71
23/5/2014,14.98
24/5/2014,11.29
25/5/2014,9.52
26/5/2014,17.19
27/5/2014,10.08
28/5/2014,21.91
29/5/2014,12.28
30/5/2014,45.38
31/5/2014,23.26
1/6/2014,9.79
2/6/2014,12.17
3/6/2014,8.83
4/6/2014,7.13
5/6/2014,6.19
6/6/2014,22.93
7/6/2014,11.61
8/6/2014,9.57
9/6/2014,12.47
10/6/2014,9.13
11/6/2014,7.28
12/6/2014,6.15
13/6/2014,15.46
14/6/2014,11.58
15/6/2014,9.75
16/6/2014,12.16
17/6/2014,9.04
18/6/2014,14.72
19/6/2014,68.83
20/6/2014,15.59
21/6/2014,46.33
22/6/2014,39.7
23/6/2014,12.55
24/6/2014,18.66
25/6/2014,7.72
26/6/2014,6.68
27/6/2014,8.24
28/6/2014,12.08
29/6/2014,21.36
30/6/2014,13.15
1/7/2014,10.28
2/7/2014,8.43
3/7/2014,34.65
4/7/2014,11.47
5/7/2014,14.88
6/7/2014,79.07
7/7/2014,13.43
8/7/2014,9.58
9/7/2014,7.79
10/7/2014,6.68
11/7/2014,41.16
12/7/2014,13.13
13/7/2014,21.43
14/7/2014,37.73
15/7/2014,9.74
16/7/2014,15.69
17/7/2014,6.37
18/7/2014,32.77
19/7/2014,115.38
20/7/2014,10.5
21/7/2014,12.58
22/7/2014,9.32
23/7/2014,7.68
24/7/2014,6.42
25/7/2014,8.21
26/7/2014,74.69
27/7/2014,51.76
28/7/2014,12.99
29/7/2014,19.49
30/7/2014,7.88
31/7/2014,32.83
1/8/2014,16.36
2/8/2014,88.61
3/8/2014,62.77
4/8/2014,25.63
5/8/2014,9.58
6/8/2014,7.75
7/8/2014,7.28
8/8/2014,14.68
9/8/2014,13.06
10/8/2014,10.54
11/8/2014,13.07
12/8/2014,9.61
13/8/2014,7.88
14/8/2014,6.35
15/8/2014,8.07
16/8/2014,24.94
17/8/2014,10.37
18/8/2014,12.82
19/8/2014,9.54
20/8/2014,7.78
21/8/2014,6.4
22/8/2014,7.8
23/8/2014,109.03
24/8/2014,29.27
25/8/2014,26.1
26/8/2014,9.46
27/8/2014,7.53
28/8/2014,6.47
29/8/2014,62.76
30/8/2014,11.78
31/8/2014,10.34
1/9/2014,17.75
2/9/2014,10.42
3/9/2014,7.7
4/9/2014,6.47
5/9/2014,7.79
6/9/2014,11.23
7/9/2014,29.71
8/9/2014,12.31
9/9/2014,9.02
10/9/2014,7.25
11/9/2014,12.54
12/9/2014,7.64
13/9/2014,10.97
14/9/2014,9.76
15/9/2014,12.35
16/9/2014,9.04
17/9/2014,28.42
18/9/2014,6.25
19/9/2014,15.03
20/9/2014,98.08
21/9/2014,19.25
22/9/2014,12.05
23/9/2014,79.78
24/9/2014,60.04
25/9/2014,6.23
26/9/2014,7.56
27/9/2014,10.71
28/9/2014,9.85
29/9/2014,12.1
30/9/2014,44.64
1/10/2014,21.84
2/10/2014,19.45
3/10/2014,7.53
4/10/2014,10.98
5/10/2014,9.62
6/10/2014,11.88
7/10/2014,54.57
8/10/2014,7.23
9/10/2014,25.72
10/10/2014,113.77
11/10/2014,32.98
12/10/2014,29.31
13/10/2014,24.56
14/10/2014,9.09
15/10/2014,14.47
16/10/2014,45.37
17/10/2014,83.92
18/10/2014,21.84
19/10/2014,9.69
20/10/2014,11.96
21/10/2014,26.71
22/10/2014,28.07
23/10/2014,6.6
24/10/2014,15.19
25/10/2014,21.61
26/10/2014,27.06
27/10/2014,33.76
28/10/2014,9
29/10/2014,21.58
30/10/2014,24.41
31/10/2014,7.5
1/11/2014,10.87
2/11/2014,9.64
3/11/2014,24.16
4/11/2014,9.03
5/11/2014,7.01
6/11/2014,6.2
7/11/2014,7.84
8/11/2014,11.49
9/11/2014,19.7
10/11/2014,11.99
11/11/2014,19.17
12/11/2014,7.68
13/11/2014,12.34
14/11/2014,15.58
15/11/2014,11.45
16/11/2014,29.8
17/11/2014,11.98
18/11/2014,9.24
19/11/2014,7.49
20/11/2014,6.34
21/11/2014,8
22/11/2014,11.58
23/11/2014,9.92
24/11/2014,36.39
25/11/2014,18.63
26/11/2014,7.82
27/11/2014,17.74
28/11/2014,9.85
29/11/2014,13.1
30/11/2014,10.73
1/12/2014,12.07
2/12/2014,9.35
3/12/2014,7.59
4/12/2014,12.95
5/12/2014,15.79
6/12/2014,11.85
7/12/2014,20.12
8/12/2014,24.09
9/12/2014,8.98
10/12/2014,14.79
11/12/2014,6.44
12/12/2014,31.89
13/12/2014,11.86
14/12/2014,51.64
15/12/2014,12.13
16/12/2014,9.14
17/12/2014,45.86
18/12/2014,85.59
19/12/2014,15.75
20/12/2014,12.23
21/12/2014,10.61
22/12/2014,12.53
23/12/2014,9.82
24/12/2014,17.29
25/12/2014,11.4
26/12/2014,10.8
27/12/2014,13.85
28/12/2014,32.98
29/12/2014,12.87
30/12/2014,30.1
31/12/2014,101.77
1/1/2015,54.58
2/1/2015,20.38
3/1/2015,65.17
4/1/2015,64.23
5/1/2015,12.53
6/1/2015,9.34
7/1/2015,14.97
8/1/2015,26.03
9/1/2015,7.76
10/1/2015,11.87
11/1/2015,19.88
12/1/2015,11.86
13/1/2015,8.98
14/1/2015,7.2
15/1/2015,12.79
16/1/2015,15.58
17/1/2015,22.76
18/1/2015,28.66
19/1/2015,25.12
20/1/2015,18.38
21/1/2015,57.01
22/1/2015,30.68
23/1/2015,15.4
24/1/2015,34.23
25/1/2015,19.69
26/1/2015,11.86
27/1/2015,45.21
28/1/2015,14.93
29/1/2015,6.4
30/1/2015,115.71
31/1/2015,67.26
1/2/2015,9.71
2/2/2015,12.27
3/2/2015,9.06
4/2/2015,7.33
5/2/2015,12.86
6/2/2015,23.26
7/2/2015,22.89
8/2/2015,29.83
9/2/2015,48.3
10/2/2015,73.17
11/2/2015,58.88
12/2/2015,6.43
13/2/2015,7.96
14/2/2015,22.8
15/2/2015,19.75
16/2/2015,12.26
17/2/2015,9.48
18/2/2015,7.48
19/2/2015,124.64
20/2/2015,7.77
21/2/2015,11.08
22/2/2015,9.52
23/2/2015,11.66
24/2/2015,9.05
25/2/2015,7.2
26/2/2015,6.43
27/2/2015,7.7
28/2/2015,11.29
1/3/2015,9.64
2/3/2015,11.78
3/3/2015,8.99
4/3/2015,7.38
5/3/2015,6.47
6/3/2015,7.73
7/3/2015,11.21
8/3/2015,9.75
9/3/2015,47.28
10/3/2015,8.94
11/3/2015,7.28
12/3/2015,6.36
13/3/2015,7.62
14/3/2015,11.33
15/3/2015,9.6
16/3/2015,11.81
17/3/2015,8.96
18/3/2015,29.26
19/3/2015,19.73
20/3/2015,31.01
21/3/2015,11.59
22/3/2015,48.66
23/3/2015,47.18
24/3/2015,26.92
25/3/2015,14.45
26/3/2015,6.42
27/3/2015,7.54
28/3/2015,88.69
29/3/2015,18.47
30/3/2015,11.96
31/3/2015,9.11
1/4/2015,7.3
2/4/2015,45.55
3/4/2015,39.48
4/4/2015,179.95
5/4/2015,96.8
6/4/2015,49.33
7/4/2015,35.17
8/4/2015,7.23
9/4/2015,6.3
10/4/2015,7.73
11/4/2015,22.34
12/4/2015,28.73
13/4/2015,22.61
14/4/2015,26.3
15/4/2015,14.27
16/4/2015,6.23
17/4/2015,7.64
18/4/2015,22.7
19/4/2015,19.03
20/4/2015,11.31
21/4/2015,8.73
22/4/2015,6.93
23/4/2015,6.29
24/4/2015,7.49
25/4/2015,45.57
26/4/2015,9.72
27/4/2015,11.46
28/4/2015,8.84
29/4/2015,7.28
30/4/2015,19.44
1/5/2015,7.59
2/5/2015,11.36
3/5/2015,38.67
4/5/2015,11.82
5/5/2015,17.85
6/5/2015,14.72
7/5/2015,32.47
8/5/2015,7.88
9/5/2015,70.05
10/5/2015,20.24
11/5/2015,12.2
12/5/2015,9.11
13/5/2015,7.29
14/5/2015,6.48
15/5/2015,7.8
16/5/2015,11.87
17/5/2015,9.84
18/5/2015,12.23
19/5/2015,9.19
20/5/2015,7.36
21/5/2015,13.34
22/5/2015,31.49
23/5/2015,47.47
24/5/2015,10.37
25/5/2015,18.27
26/5/2015,31.73
27/5/2015,7.65
28/5/2015,6.6
29/5/2015,8
30/5/2015,11.77
31/5/2015,10.27
1/6/2015,12.5
2/6/2015,9.33
3/6/2015,7.63
4/6/2015,19.77
5/6/2015,81.73
6/6/2015,11.86
7/6/2015,100.92
8/6/2015,12.76
9/6/2015,9.55
10/6/2015,7.65
11/6/2015,7.17
12/6/2015,24.68
13/6/2015,12.41
14/6/2015,10.23
15/6/2015,12.53
16/6/2015,9.63
17/6/2015,7.83
18/6/2015,6.89
19/6/2015,8.38
20/6/2015,12.63
21/6/2015,10.49
22/6/2015,38.87
23/6/2015,48.32
24/6/2015,8.03
25/6/2015,6.98
26/6/2015,16.77
27/6/2015,12.73
28/6/2015,10.76
29/6/2015,12.88
30/6/2015,60.07
1/7/2015,32.88
2/7/2015,7.32
3/7/2015,9.85
4/7/2015,16.51
5/7/2015,11.44
6/7/2015,41.48
7/7/2015,40.91
8/7/2015,122.87
9/7/2015,36.82
10/7/2015,34.35
11/7/2015,135.01
12/7/2015,108.11
13/7/2015,26.25
14/7/2015,39.73
15/7/2015,16.3
16/7/2015,7.27
17/7/2015,17.09
18/7/2015,13.49
19/7/2015,43.17
20/7/2015,27.18
21/7/2015,19.86
22/7/2015,24.43
23/7/2015,7.38
24/7/2015,8.77
25/7/2015,13.22
26/7/2015,10.51
27/7/2015,26.65
28/7/2015,9.99
29/7/2015,16.66
30/7/2015,7.22
31/7/2015,17.11
1/8/2015,13.05
2/8/2015,10.98
3/8/2015,12.87
4/8/2015,200.88
5/8/2015,16.41
6/8/2015,6.99
7/8/2015,8.72
8/8/2015,13.07
9/8/2015,10.86
10/8/2015,13.58
11/8/2015,10.14
12/8/2015,8.33
13/8/2015,43.12
14/8/2015,8.58
15/8/2015,13.33
16/8/2015,44.43
17/8/2015,13.81
18/8/2015,9.97
19/8/2015,7.85
20/8/2015,6.75
21/8/2015,219
22/8/2015,114.1
23/8/2015,63.15
24/8/2015,374.86
25/8/2015,716.48
26/8/2015,245.51
27/8/2015,60.31
28/8/2015,154.88
29/8/2015,228
30/8/2015,267.08
31/8/2015,74.79
1/9/2015,102.98
2/9/2015,69.27
3/9/2015,59.14
4/9/2015,169.87
5/9/2015,287.77
6/9/2015,124.7
7/9/2015,92.36
8/9/2015,74.75
9/9/2015,106.98
10/9/2015,65.2
11/9/2015,101.94
12/9/2015,113.35
13/9/2015,141.81
14/9/2015,77.41
15/9/2015,10.6
16/9/2015,32.21
17/9/2015,83.16
18/9/2015,70.88
19/9/2015,11.47
20/9/2015,90.83
21/9/2015,63.55
22/9/2015,47.97
23/9/2015,77.41
24/9/2015,44.77
25/9/2015,23.28
26/9/2015,76.9
27/9/2015,58.99
28/9/2015,60.79
29/9/2015,67.08
30/9/2015,45.36
1/10/2015,56.24
2/10/2015,46.42
3/10/2015,66.31
4/10/2015,129.85
5/10/2015,25.21
6/10/2015,37.58
7/10/2015,30.36
8/10/2015,18.86
9/10/2015,15.94
10/10/2015,56.11
11/10/2015,81.63
12/10/2015,13.47
13/10/2015,28.98
14/10/2015,62.33
15/10/2015,20.07
16/10/2015,23.73
17/10/2015,58.78
18/10/2015,61.43
19/10/2015,37.17
20/10/2015,9.15
21/10/2015,15.11
22/10/2015,26.36
23/10/2015,71.71
24/10/2015,135.17
25/10/2015,38.89
26/10/2015,12.32
27/10/2015,9.32
28/10/2015,45.35
29/10/2015,6.77
30/10/2015,23.27
31/10/2015,10.98
1/11/2015,19.6
2/11/2015,49.3
3/11/2015,18.19
4/11/2015,44.54
5/11/2015,6.68
6/11/2015,7.95
7/11/2015,11.26
8/11/2015,9.8
9/11/2015,12.24
10/11/2015,9.67
11/11/2015,15.72
12/11/2015,6.74
13/11/2015,8.03
14/11/2015,11.84
15/11/2015,41.59
16/11/2015,37.99
17/11/2015,18.52
18/11/2015,7.81
19/11/2015,6.69
20/11/2015,64.03
21/11/2015,11.38
22/11/2015,57.55
23/11/2015,12.18
24/11/2015,9.45
25/11/2015,7.66
26/11/2015,9.31
27/11/2015,9.88
28/11/2015,12.89
29/11/2015,10.63
30/11/2015,12.52
1/12/2015,9.75
2/12/2015,7.81
3/12/2015,13.55
4/12/2015,8.26
5/12/2015,23.46
6/12/2015,20.51
7/12/2015,12.14
8/12/2015,9.62
9/12/2015,15.81
10/12/2015,6.75
11/12/2015,25.66
12/12/2015,12.46
13/12/2015,32.21
14/12/2015,27.1
15/12/2015,78.01
16/12/2015,58.09
17/12/2015,56.91
18/12/2015,26.2
19/12/2015,25.56
20/12/2015,67.6
21/12/2015,13.84
22/12/2015,42.63
23/12/2015,8.98
24/12/2015,8.52
25/12/2015,15.33
26/12/2015,16.94
27/12/2015,47.61
28/12/2015,44.06
29/12/2015,55.4
30/12/2015,36.48
31/12/2015,57.65
1/1/2016,80.76
2/1/2016,31.17
3/1/2016,80.79
4/1/2016,26.7
5/1/2016,9.88
6/1/2016,7.95
7/1/2016,21.06
8/1/2016,127.99
9/1/2016,24.23
10/1/2016,123.84
11/1/2016,52.37
12/1/2016,19.54
13/1/2016,47.15
14/1/2016,27.24
15/1/2016,108.08
16/1/2016,235.27
17/1/2016,62.48
18/1/2016,42.69
19/1/2016,101.49
20/1/2016,55.18
21/1/2016,203.34
22/1/2016,75.38
23/1/2016,261.03
24/1/2016,105.33
25/1/2016,65.26
26/1/2016,38.49
27/1/2016,84.7
28/1/2016,21.11
29/1/2016,32.9
30/1/2016,36.17
31/1/2016,131.25
1/2/2016,86.83
2/2/2016,56.56
3/2/2016,51.91
4/2/2016,6.43
5/2/2016,16.06
6/2/2016,23.54
7/2/2016,100.43
8/2/2016,39.74
9/2/2016,9.7
10/2/2016,84.21
11/2/2016,93.13
12/2/2016,64.11
13/2/2016,74.07
14/2/2016,70.5
15/2/2016,55
16/2/2016,29.76
17/2/2016,76.65
18/2/2016,77.94
19/2/2016,31.41
20/2/2016,35.29
21/2/2016,78.43
22/2/2016,24.45
23/2/2016,37.63
24/2/2016,22.29
25/2/2016,6.56
26/2/2016,39.26
27/2/2016,11.86
28/2/2016,128.56
29/2/2016,76.71
1/3/2016,28.79
2/3/2016,43.73
3/3/2016,20.41
4/3/2016,36.81
5/3/2016,108.79
6/3/2016,69.5
7/3/2016,9.84
8/3/2016,7.53
9/3/2016,11.21
10/3/2016,5.29
11/3/2016,6.4
12/3/2016,63.47
13/3/2016,18.33
14/3/2016,10.13
15/3/2016,7.49
16/3/2016,11.11
17/3/2016,5.01
18/3/2016,12.79
19/3/2016,10.78
20/3/2016,17.63
21/3/2016,41.02
22/3/2016,60.98
23/3/2016,5.5
24/3/2016,10.13
25/3/2016,6.37
26/3/2016,32.22
27/3/2016,43.85
28/3/2016,19.85
29/3/2016,43.99
30/3/2016,133.45
31/3/2016,10.06
1/4/2016,6.15
2/4/2016,42.74
3/4/2016,35.03
4/4/2016,74.26
5/4/2016,13.5
6/4/2016,5.28
7/4/2016,18.96
8/4/2016,12.22
9/4/2016,10.4
10/4/2016,26.11
11/4/2016,9.15
12/4/2016,13.92
13/4/2016,15.65
14/4/2016,14.06
15/4/2016,5.96
16/4/2016,10.34
17/4/2016,17.59
18/4/2016,17.43
19/4/2016,6.78
20/4/2016,10.84
21/4/2016,14.99
22/4/2016,30.71
23/4/2016,20.28
24/4/2016,16.86
25/4/2016,9.82
26/4/2016,21.62
27/4/2016,52.97
28/4/2016,4.84
29/4/2016,11.53
30/4/2016,9.85
1/5/2016,17.02
2/5/2016,45.45
3/5/2016,14.02
4/5/2016,21.05
5/5/2016,4.97
6/5/2016,6.32
7/5/2016,30.65
8/5/2016,25.19
9/5/2016,8.71
10/5/2016,6.89
11/5/2016,10.58
12/5/2016,14.3
13/5/2016,6.04
14/5/2016,10.19
15/5/2016,17.33
16/5/2016,33.44
17/5/2016,13.55
18/5/2016,5.26
19/5/2016,4.8
20/5/2016,6.19
21/5/2016,71.69
22/5/2016,26.18
23/5/2016,60.32
24/5/2016,7.54
25/5/2016,5.64
26/5/2016,5.05
27/5/2016,6.31
28/5/2016,10.77
29/5/2016,53.4
30/5/2016,15.69
31/5/2016,42.17
1/6/2016,23.1
2/6/2016,5.07
3/6/2016,13.06
4/6/2016,11.06
5/6/2016,126.84
6/6/2016,56.61
7/6/2016,87.61
8/6/2016,23.21
9/6/2016,5.22
10/6/2016,13.26
11/6/2016,44.36
12/6/2016,53.86
13/6/2016,21.08
14/6/2016,36.62
15/6/2016,35.77
16/6/2016,51.13
17/6/2016,34.53
18/6/2016,11.39
19/6/2016,8.97
20/6/2016,82.94
21/6/2016,23.06
22/6/2016,75.9
23/6/2016,92.52
24/6/2016,547.55
25/6/2016,1079.03
26/6/2016,351.52
27/6/2016,250.34
28/6/2016,481.4
29/6/2016,189.42
30/6/2016,126.12
1/7/2016,149.16
2/7/2016,92.47
3/7/2016,263.38
4/7/2016,85.34
5/7/2016,62.92
6/7/2016,193.06
7/7/2016,60.7
8/7/2016,124.09
9/7/2016,81.87
10/7/2016,105.89
11/7/2016,42.49
12/7/2016,91.38
13/7/2016,85.89
14/7/2016,21.45
15/7/2016,6.95
16/7/2016,46.49
17/7/2016,37.73
18/7/2016,40.84
19/7/2016,32.23
20/7/2016,36.13
21/7/2016,16.47
22/7/2016,14.14
23/7/2016,35.87
24/7/2016,57.26
25/7/2016,10.28
26/7/2016,54.55
27/7/2016,29.86
28/7/2016,22.28
29/7/2016,21.23
30/7/2016,11.44
31/7/2016,28.03
1/8/2016,10.36
2/8/2016,40.5
3/8/2016,17.86
4/8/2016,10.66
5/8/2016,48.34
6/8/2016,22.35
7/8/2016,46.76
8/8/2016,126.99
9/8/2016,48.57
10/8/2016,85.86
11/8/2016,16.22
12/8/2016,13.78
13/8/2016,22.27
14/8/2016,55.62
15/8/2016,31.29
16/8/2016,7.91
17/8/2016,6.1
18/8/2016,5.23
19/8/2016,20.11
20/8/2016,10.86
21/8/2016,9.05
22/8/2016,9.52
23/8/2016,7.59
24/8/2016,11.95
25/8/2016,35.48
26/8/2016,56.53
27/8/2016,30.45
28/8/2016,63.42
29/8/2016,69.87
30/8/2016,35.89
31/8/2016,27.44
1/9/2016,168.53
2/9/2016,18.93
3/9/2016,10.06
4/9/2016,72.09
5/9/2016,15.23
6/9/2016,7.95
7/9/2016,5.82
8/9/2016,5.07
9/9/2016,6.24
10/9/2016,19.32
11/9/2016,26.35
12/9/2016,31.14
13/9/2016,42.62
14/9/2016,10.83
15/9/2016,10.04
16/9/2016,6.44
17/9/2016,9.97
18/9/2016,44.27
19/9/2016,39.09
20/9/2016,14.73
21/9/2016,5.15
22/9/2016,5.16
23/9/2016,6.13
24/9/2016,10.03
25/9/2016,8.79
26/9/2016,10.09
27/9/2016,7.48
28/9/2016,35.57
29/9/2016,5.44
30/9/2016,13.1
1/10/2016,29.51
2/10/2016,44.86
3/10/2016,69.12
4/10/2016,42.12
5/10/2016,11.38
6/10/2016,21.19
7/10/2016,23.98
8/10/2016,21.11
9/10/2016,18.5
10/10/2016,19.95
11/10/2016,7.16
12/10/2016,6
13/10/2016,20.45
14/10/2016,12.45
15/10/2016,9.99
16/10/2016,97.64
17/10/2016,141.07
18/10/2016,7.03
19/10/2016,5.75
20/10/2016,5.12
21/10/2016,12.78
22/10/2016,9.91
23/10/2016,26.04
24/10/2016,20.53
25/10/2016,22.55
26/10/2016,11.18
27/10/2016,25.45
28/10/2016,43.9
29/10/2016,57.63
30/10/2016,33.92
31/10/2016,20.12
1/11/2016,13.8
2/11/2016,5.32
3/11/2016,34.08
4/11/2016,36.47
5/11/2016,48.76
6/11/2016,25.79
7/11/2016,34.13
8/11/2016,83.62
9/11/2016,203.15
10/11/2016,221.84
11/11/2016,60.43
12/11/2016,99.72
13/11/2016,98.99
14/11/2016,154.75
15/11/2016,28.32
16/11/2016,40.1
17/11/2016,59.36
18/11/2016,34.71
19/11/2016,30.95
20/11/2016,54.65
21/11/2016,19.03
22/11/2016,7.26
23/11/2016,5.67
24/11/2016,7.88
25/11/2016,40.87
26/11/2016,11.39
27/11/2016,57.98
28/11/2016,10.59
29/11/2016,15.54
30/11/2016,16.72
1/12/2016,36.3
2/12/2016,6.31
3/12/2016,30.79
4/12/2016,63.08
5/12/2016,19.3
6/12/2016,7.18
7/12/2016,26.92
8/12/2016,21.6
9/12/2016,31.14
10/12/2016,10.36
11/12/2016,18.85
12/12/2016,46.62
13/12/2016,28.98
14/12/2016,5.44
15/12/2016,372.23
16/12/2016,12.68
17/12/2016,21.63
18/12/2016,19.19
19/12/2016,10.92
20/12/2016,51.85
21/12/2016,5.45
22/12/2016,22.03
23/12/2016,14.42
24/12/2016,25.29
25/12/2016,35.13
26/12/2016,34.13
27/12/2016,64.09
28/12/2016,46.4
29/12/2016,38.07
30/12/2016,52.94
31/12/2016,57.57
1/1/2017,170.26
2/1/2017,15.89
3/1/2017,24.4
4/1/2017,17.46
5/1/2017,84.05
6/1/2017,7.07
7/1/2017,32.15
8/1/2017,66.65
9/1/2017,45.66
10/1/2017,21.34
11/1/2017,45.1
12/1/2017,5.31
13/1/2017,127.1
14/1/2017,10.49
15/1/2017,85.55
16/1/2017,41.34
17/1/2017,145.98
18/1/2017,16.18
19/1/2017,5.23
20/1/2017,53.09
21/1/2017,29.13
22/1/2017,95.6
23/1/2017,59.46
24/1/2017,27.5
25/1/2017,5.35
26/1/2017,19.13
27/1/2017,24.45
28/1/2017,52.56
29/1/2017,36.9
30/1/2017,17.26
31/1/2017,15.24
1/2/2017,27.34
2/2/2017,9.94
3/2/2017,18.8
4/2/2017,9.7
5/2/2017,36.97
6/2/2017,35.2
7/2/2017,13.9
8/2/2017,5.48
9/2/2017,25.02
10/2/2017,12.65
11/2/2017,20.12
12/2/2017,37.06
13/2/2017,9.29
14/2/2017,34.3
15/2/2017,11.02
16/2/2017,5.08
17/2/2017,100.31
18/2/2017,19.96
19/2/2017,8.77
20/2/2017,8.26
21/2/2017,27.86
22/2/2017,58.98
23/2/2017,4.94
24/2/2017,6.19
25/2/2017,18.4
26/2/2017,25.89
27/2/2017,18.13
28/2/2017,20.93
1/3/2017,16.02
2/3/2017,15.18
3/3/2017,23.94
4/3/2017,29.29
5/3/2017,26.65
6/3/2017,9.44
7/3/2017,20.76
8/3/2017,16.34
9/3/2017,21.77
10/3/2017,5.95
11/3/2017,30.21
12/3/2017,9.18
13/3/2017,8.24
14/3/2017,99.89
15/3/2017,15.9
16/3/2017,20.87
17/3/2017,6.33
18/3/2017,10.42
19/3/2017,8.96
20/3/2017,101.07
21/3/2017,21.68
22/3/2017,5.4
23/3/2017,10.65
24/3/2017,12.99
25/3/2017,10.88
26/3/2017,8.92
27/3/2017,8.73
28/3/2017,6.73
29/3/2017,10.29
30/3/2017,5.11
31/3/2017,5.99
1/4/2017,10.54
2/4/2017,9.2
3/4/2017,50.65
4/4/2017,6.5
5/4/2017,4.94
6/4/2017,15.45
7/4/2017,17.26
8/4/2017,53.49
9/4/2017,72.98
10/4/2017,9.12
11/4/2017,7.33
12/4/2017,10.98
13/4/2017,9.8
14/4/2017,43.77
15/4/2017,10.85
16/4/2017,19
17/4/2017,108.62
18/4/2017,53.55
19/4/2017,5.1
20/4/2017,14.66
21/4/2017,5.84
22/4/2017,30.95
23/4/2017,26.98
24/4/2017,29.85
25/4/2017,49.13
26/4/2017,14.59
27/4/2017,10.68
28/4/2017,6.1
29/4/2017,10.86
30/4/2017,9.06
1/5/2017,8.53
2/5/2017,6.92
3/5/2017,5.18
4/5/2017,5.04
5/5/2017,24.46
6/5/2017,10.85
7/5/2017,27.45
8/5/2017,19.16
9/5/2017,7.69
10/5/2017,5.7
11/5/2017,21.78
12/5/2017,33.31
13/5/2017,44.27
14/5/2017,9.14
15/5/2017,97.64
16/5/2017,7.74
17/5/2017,35.32
18/5/2017,43.71
19/5/2017,20.21
20/5/2017,22.18
21/5/2017,37.06
22/5/2017,43.9
23/5/2017,7.75
24/5/2017,6.05
25/5/2017,5.65
26/5/2017,6.88
27/5/2017,11.94
28/5/2017,9.42
29/5/2017,16.63
30/5/2017,9.16
31/5/2017,302.37
1/6/2017,5.84
2/6/2017,7
3/6/2017,24.04
4/6/2017,29.99
5/6/2017,11.26
6/6/2017,8
7/6/2017,6.05
8/6/2017,17.41
9/6/2017,7.2
10/6/2017,11.77
11/6/2017,38.4
12/6/2017,11.26
13/6/2017,8.25
14/6/2017,6.09
15/6/2017,5.87
16/6/2017,7.25
17/6/2017,11.99
18/6/2017,9.7
19/6/2017,11.63
20/6/2017,8.44
21/6/2017,12.25
22/6/2017,12.01
23/6/2017,7.24
24/6/2017,23.59
25/6/2017,19.53
26/6/2017,23.59
27/6/2017,8.73
28/6/2017,12.83
29/6/2017,6.14
30/6/2017,29.37
1/7/2017,36.46
2/7/2017,10.3
3/7/2017,24.26
4/7/2017,13.77
5/7/2017,28.52
6/7/2017,12.54
7/7/2017,45.94
8/7/2017,12.28
9/7/2017,20.39
10/7/2017,11.62
11/7/2017,17.21
12/7/2017,12.68
13/7/2017,6.23
14/7/2017,22.3
15/7/2017,11.92
16/7/2017,10.22
17/7/2017,34.73
18/7/2017,16.66
19/7/2017,6.43
20/7/2017,6.13
21/7/2017,7.41
22/7/2017,12.18
23/7/2017,50.31
24/7/2017,512.25
25/7/2017,148.18
26/7/2017,12.77
27/7/2017,5.9
28/7/2017,7.44
29/7/2017,12.25
30/7/2017,30.27
31/7/2017,11.81
1/8/2017,8.44
2/8/2017,12.55
3/8/2017,6.16
4/8/2017,7.29
5/8/2017,11.97
6/8/2017,19.95
7/8/2017,10.57
8/8/2017,16.59
9/8/2017,12.54
10/8/2017,12.49
11/8/2017,29.36
12/8/2017,12.18
13/8/2017,10.21
14/8/2017,35.02
15/8/2017,25.33
16/8/2017,18.79
17/8/2017,5.97
18/8/2017,43.2
19/8/2017,22.8
20/8/2017,19.52
21/8/2017,591.21
22/8/2017,32.5
23/8/2017,18.13
24/8/2017,5.93
25/8/2017,40.59
26/8/2017,10.79
27/8/2017,95.56
28/8/2017,31.7
29/8/2017,7.92
30/8/2017,11.61
31/8/2017,16.26
1/9/2017,6.29
2/9/2017,19.14
3/9/2017,27.86
4/9/2017,29.62
5/9/2017,8.12
6/9/2017,23.38
7/9/2017,5.4
8/9/2017,6.47
9/9/2017,9
10/9/2017,8.8
11/9/2017,10.3
12/9/2017,7.75
13/9/2017,5.85
14/9/2017,5.45
15/9/2017,6.33
16/9/2017,9.37
17/9/2017,44.33
18/9/2017,10
19/9/2017,7.65
20/9/2017,5.73
21/9/2017,5.38
22/9/2017,6.37
23/9/2017,9.21
24/9/2017,26.6
25/9/2017,10.25
26/9/2017,83.96
27/9/2017,5.75
28/9/2017,5.52
29/9/2017,57.78
30/9/2017,9.84
1/10/2017,26.44
2/10/2017,9.89
3/10/2017,7.65
4/10/2017,17.21
5/10/2017,5.38
6/10/2017,25.71
7/10/2017,9.39
8/10/2017,18.1
9/10/2017,20.5
10/10/2017,7.52
11/10/2017,21.89
12/10/2017,5.49
13/10/2017,6.21
14/10/2017,9.49
15/10/2017,8.64
16/10/2017,39.75
17/10/2017,7.63
18/10/2017,5.59
19/10/2017,27.07
20/10/2017,12.58
21/10/2017,9.69
22/10/2017,69.06
23/10/2017,77.31
24/10/2017,7.52
25/10/2017,5.64
26/10/2017,5.36
27/10/2017,12.4
28/10/2017,48.2
29/10/2017,51.93
30/10/2017,49.9
31/10/2017,31.12
1/11/2017,28.24
2/11/2017,27.31
3/11/2017,12.69
4/11/2017,9.22
5/11/2017,8.34
6/11/2017,10.1
7/11/2017,60.57
8/11/2017,105.19
9/11/2017,10.68
10/11/2017,24.84
11/11/2017,66.29
12/11/2017,86.1
13/11/2017,29.53
14/11/2017,7.65
15/11/2017,5.65
16/11/2017,11
17/11/2017,6.31
18/11/2017,19.87
19/11/2017,26.12
20/11/2017,9.94
21/11/2017,29.51
22/11/2017,5.79
23/11/2017,16.27
24/11/2017,15.26
25/11/2017,10.66
26/11/2017,9.19
27/11/2017,10.21
28/11/2017,374.38
29/11/2017,5.69
30/11/2017,5.55
1/12/2017,26.86
2/12/2017,10.26
3/12/2017,8.51
4/12/2017,20.41
5/12/2017,68.33
6/12/2017,5.84
7/12/2017,16.87
8/12/2017,6.67
9/12/2017,11
10/12/2017,9.57
11/12/2017,10.69
12/12/2017,7.93
13/12/2017,17.07
14/12/2017,22.81
15/12/2017,82.57
16/12/2017,87.35
17/12/2017,76.14
18/12/2017,41.47
19/12/2017,8.01
20/12/2017,5.56
21/12/2017,39.72
22/12/2017,7.34
23/12/2017,12.13
24/12/2017,54.87
25/12/2017,20.56
26/12/2017,41.35
27/12/2017,13.95
28/12/2017,12.77
29/12/2017,23.07
30/12/2017,47.6
31/12/2017,89.84
1/1/2018,16.72
2/1/2018,9.12
3/1/2018,12.52
4/1/2018,70.37
5/1/2018,34.79
6/1/2018,20.95
7/1/2018,47.03
8/1/2018,9.66
9/1/2018,7.52
10/1/2018,23.41
11/1/2018,5.75
12/1/2018,12.85
13/1/2018,10.71
14/1/2018,142.24
15/1/2018,11.35
16/1/2018,32.33
17/1/2018,11.59
18/1/2018,5.63
19/1/2018,20.46
20/1/2018,53.38
21/1/2018,28.1
22/1/2018,30.07
23/1/2018,36.23
24/1/2018,10.65
25/1/2018,31.49
26/1/2018,18.43
27/1/2018,30.72
28/1/2018,44.74
29/1/2018,44.75
30/1/2018,41.47
31/1/2018,27.74
1/2/2018,16.34
2/2/2018,25.71
3/2/2018,21
4/2/2018,9.29
5/2/2018,31.03
6/2/2018,129.13
7/2/2018,49.18
8/2/2018,54.51
9/2/2018,57.46
10/2/2018,159.9
11/2/2018,158.05
12/2/2018,48.26
13/2/2018,14.08
14/2/2018,5.3
15/2/2018,5.29
16/2/2018,12.44
17/2/2018,10.49
18/2/2018,27.1
19/2/2018,21.58
20/2/2018,75.14
21/2/2018,16.06
22/2/2018,10.99
23/2/2018,19.08
24/2/2018,10.07
25/2/2018,9.25
26/2/2018,10.01
27/2/2018,36.37
28/2/2018,15.99
1/3/2018,20.79
2/3/2018,18.36
3/3/2018,30.29
4/3/2018,8.93
5/3/2018,9.74
6/3/2018,29.91
7/3/2018,5.59
8/3/2018,16.63
9/3/2018,6.45
10/3/2018,10.44
11/3/2018,130.77
12/3/2018,29.17
13/3/2018,6.86
14/3/2018,16.5
15/3/2018,11
16/3/2018,6.33
17/3/2018,10.54
18/3/2018,9.48
19/3/2018,8.91
20/3/2018,22.31
21/3/2018,5.64
22/3/2018,5.38
23/3/2018,19.44
24/3/2018,10.74
25/3/2018,9.48
26/3/2018,10.25
27/3/2018,14.75
28/3/2018,5.79
29/3/2018,5.5
30/3/2018,6.81
31/3/2018,55.49
1/4/2018,29.31
2/4/2018,20.97
3/4/2018,37.57
4/4/2018,52.08
5/4/2018,56.15
6/4/2018,57.54
7/4/2018,194.4
8/4/2018,125.79
9/4/2018,30.52
10/4/2018,14.75
11/4/2018,20.97
12/4/2018,21.24
13/4/2018,18.55
14/4/2018,51.99
15/4/2018,18.53
16/4/2018,20.16
17/4/2018,7.17
18/4/2018,71.71
19/4/2018,5.32
20/4/2018,18.72
21/4/2018,10.28
22/4/2018,9.68
23/4/2018,27.74
24/4/2018,21.26
25/4/2018,5.38
26/4/2018,10.26
27/4/2018,6.16
28/4/2018,9.49
29/4/2018,8.98
30/4/2018,8.75
1/5/2018,7.04
2/5/2018,43.79
3/5/2018,21.44
4/5/2018,17.84
5/5/2018,20.91
6/5/2018,37.8
7/5/2018,10.16
8/5/2018,7.29
9/5/2018,10.89
10/5/2018,10.5
11/5/2018,6.42
12/5/2018,10.79
13/5/2018,37.47
14/5/2018,20.24
15/5/2018,14.96
16/5/2018,38.33
17/5/2018,15.86
18/5/2018,6.41
19/5/2018,10.71
20/5/2018,9.36
21/5/2018,10.48
22/5/2018,21.35
23/5/2018,238.98
24/5/2018,16.05
25/5/2018,6.38
26/5/2018,10.95
27/5/2018,19.82
28/5/2018,16.23
29/5/2018,35.31
30/5/2018,23.28
31/5/2018,15.62
1/6/2018,50.05
2/6/2018,11.19
3/6/2018,19.83
4/6/2018,10.61
5/6/2018,7.33
6/6/2018,5.54
7/6/2018,16.33
8/6/2018,6.71
9/6/2018,11.46
10/6/2018,9.97
11/6/2018,10.68
12/6/2018,7.28
13/6/2018,5.9
14/6/2018,10.8
15/6/2018,18.66
16/6/2018,11.35
17/6/2018,19.75
18/6/2018,10.41
19/6/2018,82.58
20/6/2018,12.02
21/6/2018,5.7
22/6/2018,13.61
23/6/2018,23.78
24/6/2018,61.12
25/6/2018,22.24
26/6/2018,8.33
27/6/2018,24.45
28/6/2018,12.02
29/6/2018,42.54
30/6/2018,12.04
1/7/2018,10.52
2/7/2018,33.27
3/7/2018,8.5
4/7/2018,45.79
5/7/2018,33.91
6/7/2018,90.81
7/7/2018,127.44
8/7/2018,125.27
9/7/2018,50.44
10/7/2018,26.9
11/7/2018,6.69
12/7/2018,32.79
13/7/2018,7.55
14/7/2018,12.97
15/7/2018,11.33
16/7/2018,12.34
17/7/2018,27.13
18/7/2018,13.15
19/7/2018,12.63
20/7/2018,23.12
21/7/2018,25.85
22/7/2018,11.42
23/7/2018,12.14
24/7/2018,27.7
25/7/2018,6.61
26/7/2018,26.16
27/7/2018,7.68
28/7/2018,13.1
29/7/2018,11.42
30/7/2018,12.58
31/7/2018,9.22
1/8/2018,6.59
2/8/2018,12.9
3/8/2018,7.43
4/8/2018,25.75
5/8/2018,10.96
6/8/2018,11.86
7/8/2018,9.03
8/8/2018,13.01
9/8/2018,6.56
10/8/2018,7.77
11/8/2018,12.9
12/8/2018,103.7
13/8/2018,36.69
14/8/2018,81.49
15/8/2018,6.59
16/8/2018,6.24
17/8/2018,22.32
18/8/2018,36.24
19/8/2018,55.12
20/8/2018,11.86
21/8/2018,17.2
22/8/2018,12.64
23/8/2018,78.54
24/8/2018,28.12
25/8/2018,195.17
26/8/2018,42.02
27/8/2018,22.77
28/8/2018,50.18
29/8/2018,12.52
30/8/2018,30.45
31/8/2018,103.98
1/9/2018,33.02
2/9/2018,43.23
3/9/2018,50.37
4/9/2018,18.59
5/9/2018,30.89
6/9/2018,24.8
7/9/2018,20.57
8/9/2018,10.67
9/9/2018,10.15
10/9/2018,10.34
11/9/2018,8.1
12/9/2018,12.45
13/9/2018,6
14/9/2018,13.54
15/9/2018,21.71
16/9/2018,31.42
17/9/2018,11.02
18/9/2018,57.3
19/9/2018,31.36
20/9/2018,5.93
21/9/2018,35.07
22/9/2018,10.82
23/9/2018,10.52
24/9/2018,11.14
25/9/2018,17.19
26/9/2018,6.1
27/9/2018,54.23
28/9/2018,14.48
29/9/2018,65.72
30/9/2018,83.78
1/10/2018,43.76
2/10/2018,16.37
3/10/2018,177.91
4/10/2018,6.03
5/10/2018,27.99
6/10/2018,21.81
7/10/2018,10.82
8/10/2018,11.81
9/10/2018,8.24
10/10/2018,12.39
11/10/2018,17.95
12/10/2018,99.73
13/10/2018,97.6
14/10/2018,31.7
15/10/2018,11.26
16/10/2018,25.41
17/10/2018,18.6
18/10/2018,65.72
19/10/2018,56.79
20/10/2018,21.66
21/10/2018,41.63
22/10/2018,22.38
23/10/2018,17.08
24/10/2018,108.69
25/10/2018,156.69
26/10/2018,150.53
27/10/2018,21.89
28/10/2018,81.97
29/10/2018,33.72
30/10/2018,25.24
31/10/2018,54.95
1/11/2018,47.78
2/11/2018,35.14
3/11/2018,42.77
4/11/2018,144.13
5/11/2018,79.17
6/11/2018,55.86
7/11/2018,53.53
8/11/2018,141.71
9/11/2018,21.53
10/11/2018,10.99
11/11/2018,21.11
12/11/2018,12.35
13/11/2018,71.71
14/11/2018,32.18
15/11/2018,12.56
16/11/2018,7.27
17/11/2018,11.47
18/11/2018,32.31
19/11/2018,11.72
20/11/2018,42.68
21/11/2018,71.23
22/11/2018,57.25
23/11/2018,9.06
24/11/2018,12.88
25/11/2018,45.25
26/11/2018,71.71
27/11/2018,122.19
28/11/2018,25.85
29/11/2018,52
30/11/2018,59.69
1/12/2018,35.02
2/12/2018,289.51
3/12/2018,218.99
4/12/2018,60.86
5/12/2018,139.65
6/12/2018,75.46
7/12/2018,136.77
8/12/2018,155.75
9/12/2018,88.41
10/12/2018,31.1
11/12/2018,60.2
12/12/2018,44.39
13/12/2018,43.84
14/12/2018,37.87
15/12/2018,23.7
16/12/2018,148.15
17/12/2018,81.3
18/12/2018,78.69
19/12/2018,127.54
20/12/2018,104.2
21/12/2018,124.22
22/12/2018,239.05
23/12/2018,343.07
24/12/2018,217.14
25/12/2018,306.29
26/12/2018,308.66
27/12/2018,175
28/12/2018,282.74
29/12/2018,226.67
30/12/2018,274.06
31/12/2018,154.52
1/1/2019,200.86
2/1/2019,168.81
3/1/2019,265.43
4/1/2019,157.68
5/1/2019,111
6/1/2019,244.26
7/1/2019,153.69
8/1/2019,185.62
9/1/2019,109.68
10/1/2019,136.76
11/1/2019,124.88
12/1/2019,97.06
13/1/2019,136.09
14/1/2019,90.3
15/1/2019,85.64
16/1/2019,492.31
17/1/2019,139.37
18/1/2019,217.37
19/1/2019,228.92
20/1/2019,274.29
21/1/2019,154.86
22/1/2019,159.42
23/1/2019,180.21
24/1/2019,97.13
25/1/2019,119.4
26/1/2019,73.39
27/1/2019,180.95
28/1/2019,45.53
29/1/2019,86.39
30/1/2019,76.42
31/1/2019,142.96
1/2/2019,88.78
2/2/2019,83.78
3/2/2019,66.15
4/2/2019,118.31
5/2/2019,102.39
6/2/2019,153.76
7/2/2019,18.94
8/2/2019,7.47
9/2/2019,47.38
10/2/2019,32.66
11/2/2019,66.98
12/2/2019,25.83
13/2/2019,19.28
14/2/2019,6.3
15/2/2019,29.16
16/2/2019,35.55
17/2/2019,53.39
18/2/2019,12.55
19/2/2019,26.18
20/2/2019,31.77
21/2/2019,62.04
22/2/2019,29.54
23/2/2019,34.92
24/2/2019,53.18
25/2/2019,23.22
26/2/2019,42.85
27/2/2019,66.43
28/2/2019,62.04
1/3/2019,50.88
2/3/2019,23.08
3/3/2019,10.62
4/3/2019,23.3
5/3/2019,8.86
6/3/2019,6.45
7/3/2019,37.71
8/3/2019,66.65
9/3/2019,47.41
10/3/2019,110.55
11/3/2019,21.72
12/3/2019,26.23
13/3/2019,12.95
14/3/2019,30.81
15/3/2019,53.12
16/3/2019,61.29
17/3/2019,88.7
18/3/2019,47.71
19/3/2019,52.19
20/3/2019,49.81
21/3/2019,19.41
22/3/2019,30.41
23/3/2019,36.66
24/3/2019,43.2
25/3/2019,36.37
26/3/2019,24.66
27/3/2019,32.01
28/3/2019,109.02
29/3/2019,52.4
30/3/2019,60.81
31/3/2019,33.17
1/4/2019,88.02
2/4/2019,203.52
3/4/2019,43.03
4/4/2019,50.15
5/4/2019,47.02
6/4/2019,27.06
7/4/2019,71.75
8/4/2019,13.86
9/4/2019,10.53
10/4/2019,25.7
11/4/2019,8.43
12/4/2019,9.47
13/4/2019,53.91
14/4/2019,62.25
15/4/2019,71.49
16/4/2019,10.89
17/4/2019,8.74
18/4/2019,33.23
19/4/2019,39.05
20/4/2019,13.75
21/4/2019,38.63
22/4/2019,44.26
23/4/2019,21.36
24/4/2019,63.16
25/4/2019,40.07
26/4/2019,18.76
27/4/2019,67.13
28/4/2019,36.82
29/4/2019,28.45
30/4/2019,31.23
1/5/2019,82.22
2/5/2019,17.62
3/5/2019,47.29
4/5/2019,80.33
5/5/2019,49.2
6/5/2019,173.8
7/5/2019,135.4
8/5/2019,155.19
9/5/2019,79.69
10/5/2019,75.69
11/5/2019,13.66
12/5/2019,12.35
13/5/2019,146.16
14/5/2019,171.61
15/5/2019,164.98
16/5/2019,72.19
17/5/2019,77.38
18/5/2019,83.17
19/5/2019,50.33
20/5/2019,73.41
21/5/2019,32.29
22/5/2019,34.9
23/5/2019,8.88
24/5/2019,59.79
25/5/2019,14.21
26/5/2019,25.05
27/5/2019,22.32
28/5/2019,12.16
29/5/2019,18.25
30/5/2019,17.79
31/5/2019,39.63
1/6/2019,71.14
2/6/2019,52.44
3/6/2019,13.66
4/6/2019,45.03
5/6/2019,55.26
6/6/2019,83.26
7/6/2019,62.55
8/6/2019,102.39
9/6/2019,175.27
10/6/2019,47.28
11/6/2019,23.58
12/6/2019,323.09
13/6/2019,59.64
14/6/2019,108.81
15/6/2019,118.89
16/6/2019,173.7
17/6/2019,30.81
18/6/2019,113.01
19/6/2019,9.3
20/6/2019,18.56
21/6/2019,74.73
22/6/2019,130.56
23/6/2019,141.95
24/6/2019,60.88
25/6/2019,34.37
26/6/2019,118.63
27/6/2019,102.81
28/6/2019,72.11
29/6/2019,29.71
30/6/2019,12.52
1/7/2019,73.94
2/7/2019,34.4
3/7/2019,39
4/7/2019,14.12
5/7/2019,35.85
6/7/2019,15.31
7/7/2019,189.59
8/7/2019,31.53
9/7/2019,23.42
10/7/2019,17.11
11/7/2019,136.3
12/7/2019,10.57
13/7/2019,15.15
14/7/2019,27.89
15/7/2019,63.17
16/7/2019,70.11
17/7/2019,9.63
18/7/2019,50.56
19/7/2019,43.29
20/7/2019,15.16
21/7/2019,28.04
22/7/2019,32.95
23/7/2019,35.99
24/7/2019,18.2
25/7/2019,48.54
26/7/2019,31.53
27/7/2019,122.19
28/7/2019,13.5
29/7/2019,32.62
30/7/2019,158.4
31/7/2019,55.95
1/8/2019,59.15
2/8/2019,132.1
3/8/2019,104.57
4/8/2019,174.94
5/8/2019,108.98
6/8/2019,150.97
7/8/2019,154.94
8/8/2019,98.17
9/8/2019,99.18
10/8/2019,60.61
11/8/2019,122.02
12/8/2019,166.56
13/8/2019,115.01
14/8/2019,195.01
15/8/2019,330.15
16/8/2019,359.75
17/8/2019,208.87
18/8/2019,335.25
19/8/2019,91.26
20/8/2019,52.8
21/8/2019,36.08
22/8/2019,112.72
23/8/2019,81.83
24/8/2019,304.16
25/8/2019,194.6
26/8/2019,45.88
27/8/2019,133.31
28/8/2019,110.05
29/8/2019,131.59
30/8/2019,254.72
31/8/2019,231.76
1/9/2019,203.62
2/9/2019,21.56
3/9/2019,125.51
4/9/2019,102.21
5/9/2019,27.98
6/9/2019,68.53
7/9/2019,39.57
8/9/2019,52.01
9/9/2019,14.4
10/9/2019,22.62
11/9/2019,81.34
12/9/2019,65.85
13/9/2019,80.21
14/9/2019,38.65
15/9/2019,143.74
16/9/2019,88.26
17/9/2019,10.39
18/9/2019,36.33
19/9/2019,121.3
20/9/2019,69.51
21/9/2019,39.18
22/9/2019,91.19
23/9/2019,14.13
24/9/2019,67.27
25/9/2019,99.58
26/9/2019,64.93
27/9/2019,37.98
28/9/2019,51.37
29/9/2019,89.19
30/9/2019,28.25
1/10/2019,74.75
2/10/2019,36.1
3/10/2019,96.11
4/10/2019,198.3
5/10/2019,118.4
6/10/2019,168.72
7/10/2019,144.46
8/10/2019,97.67
9/10/2019,51.88
10/10/2019,138.91
11/10/2019,19.2
12/10/2019,102.77
13/10/2019,105.84
14/10/2019,47.49
15/10/2019,22.33
16/10/2019,35.41
17/10/2019,54.89
18/10/2019,9.89
19/10/2019,26.39
20/10/2019,40.19
21/10/2019,13.78
22/10/2019,22.18
23/10/2019,61.28
24/10/2019,121.66
25/10/2019,59.4
26/10/2019,25.87
27/10/2019,38.54
28/10/2019,15.2
29/10/2019,45.44
30/10/2019,61.88
31/10/2019,119.71
1/11/2019,30.75
2/11/2019,65.63
3/11/2019,104.25
4/11/2019,70.94
5/11/2019,53.08
6/11/2019,36.58
7/11/2019,93.74
8/11/2019,91.24
9/11/2019,65.74
10/11/2019,130.15
11/11/2019,42.16
12/11/2019,94.06
13/11/2019,36.2
14/11/2019,9.41
15/11/2019,19.87
16/11/2019,93.13
17/11/2019,132.22
18/11/2019,78.16
19/11/2019,10.87
20/11/2019,28.03
21/11/2019,19.01
22/11/2019,10.01
23/11/2019,124.73
24/11/2019,52.56
25/11/2019,15.44
26/11/2019,10.93
27/11/2019,29.28
28/11/2019,59.96
29/11/2019,12.83
30/11/2019,15.45
1/12/2019,27.52
2/12/2019,32.27
3/12/2019,22.73
4/12/2019,53.21
5/12/2019,9.68
6/12/2019,50.57
7/12/2019,139.17
8/12/2019,161.06
9/12/2019,108.72
10/12/2019,34.64
11/12/2019,28.41
12/12/2019,65.49
13/12/2019,140.27
14/12/2019,102.73
15/12/2019,207.09
16/12/2019,32.18
17/12/2019,156.8
18/12/2019,47.19
19/12/2019,19.49
20/12/2019,43.7
21/12/2019,87.32
22/12/2019,128.36
23/12/2019,16.18
24/12/2019,14.16
25/12/2019,57.05
26/12/2019,51.04
27/12/2019,111.94
28/12/2019,193.91
29/12/2019,234.03
30/12/2019,99.74
31/12/2019,92.54
1/1/2020,195.39
2/1/2020,109.58
3/1/2020,68.11
4/1/2020,217.28
5/1/2020,250.16
6/1/2020,101.33
7/1/2020,94.95
8/1/2020,105.29
9/1/2020,29.81
10/1/2020,10.3
11/1/2020,58.15
12/1/2020,55.74
13/1/2020,62.42
14/1/2020,68.85
15/1/2020,111.13
16/1/2020,40.2
17/1/2020,53.72
18/1/2020,14.65
19/1/2020,127.76
20/1/2020,54.04
21/1/2020,12.1
22/1/2020,19.3
23/1/2020,58.59
24/1/2020,42.43
25/1/2020,44.26
26/1/2020,83.34
27/1/2020,102.15
28/1/2020,177.55
29/1/2020,46.53
30/1/2020,137.4
31/1/2020,248.36
1/2/2020,114.64
2/2/2020,54.86
3/2/2020,108.64
4/2/2020,70.54
5/2/2020,92.92
6/2/2020,58.53
7/2/2020,53.44
8/2/2020,57.62
9/2/2020,27.2
10/2/2020,61.57
11/2/2020,34.36
12/2/2020,63.33
13/2/2020,39.25
14/2/2020,52.49
15/2/2020,86.21
16/2/2020,53.12
17/2/2020,66.68
18/2/2020,35.85
19/2/2020,101.92
20/2/2020,77.78
21/2/2020,82.92
22/2/2020,28.2
23/2/2020,65.33
24/2/2020,93.18
25/2/2020,388.12
26/2/2020,109.69
27/2/2020,212.21
28/2/2020,360.14
29/2/2020,647.86
1/3/2020,199.5
2/3/2020,201.53
3/3/2020,325.54
4/3/2020,323.56
5/3/2020,197.17
6/3/2020,255.77
7/3/2020,209.87
8/3/2020,394.79
9/3/2020,509.19
10/3/2020,822.47
11/3/2020,357.24
12/3/2020,321.78
13/3/2020,409.89
14/3/2020,590.13
15/3/2020,1229.76
16/3/2020,453.25
17/3/2020,623.11
18/3/2020,494.46
19/3/2020,621.34
20/3/2020,939.58
21/3/2020,429.25
22/3/2020,889.94
23/3/2020,491.15
24/3/2020,358.79
25/3/2020,435.62
26/3/2020,712.53
27/3/2020,396.87
28/3/2020,423.85
29/3/2020,678.59
30/3/2020,183.67
31/3/2020,286.15
1/4/2020,370.87
2/4/2020,393.89
3/4/2020,207.65
4/4/2020,214.98
5/4/2020,753.44
6/4/2020,364.22
7/4/2020,463.95
8/4/2020,285.79
9/4/2020,203.41
10/4/2020,330.69
11/4/2020,376.38
12/4/2020,559
13/4/2020,311.21
14/4/2020,178.24
15/4/2020,179.98
16/4/2020,173.1
17/4/2020,240.98
18/4/2020,188.61
19/4/2020,514.86
20/4/2020,241.9
21/4/2020,270.74
22/4/2020,211.44
23/4/2020,314.33
24/4/2020,212.75
25/4/2020,322.31
26/4/2020,601.63
27/4/2020,544.81
28/4/2020,406.83
29/4/2020,215.48
30/4/2020,297.41
1/5/2020,199.13
2/5/2020,369.69
3/5/2020,315.76
4/5/2020,242.89
5/5/2020,222.51
6/5/2020,143.03
7/5/2020,322.31
8/5/2020,135.65
9/5/2020,122.9
10/5/2020,159.93
11/5/2020,377.59
12/5/2020,156.51
13/5/2020,176.04
14/5/2020,241.45
15/5/2020,190.15
16/5/2020,291.43
17/5/2020,322.95
18/5/2020,268.63
19/5/2020,251.24
20/5/2020,301.2
21/5/2020,34.27
22/5/2020,150.51
23/5/2020,163.44
24/5/2020,287.03
25/5/2020,195.34
26/5/2020,124.61
27/5/2020,267.67
28/5/2020,132.94
29/5/2020,106.19
30/5/2020,349.86
31/5/2020,576.88
1/6/2020,35.02
2/6/2020,60.54
3/6/2020,91.94
4/6/2020,21.68
5/6/2020,242.01
6/6/2020,88.82
7/6/2020,272.81
8/6/2020,223.07
9/6/2020,181.38
10/6/2020,100.37
11/6/2020,286.11
12/6/2020,243.69
13/6/2020,163.33
14/6/2020,198.75
15/6/2020,262.83
16/6/2020,338.43
17/6/2020,178.47
18/6/2020,60.56
19/6/2020,104.01
20/6/2020,178.06
21/6/2020,194.44
22/6/2020,208.2
23/6/2020,111.95
24/6/2020,90.63
25/6/2020,96.75
26/6/2020,193.43
27/6/2020,271.94
28/6/2020,297.98
29/6/2020,188.51
30/6/2020,233.01
1/7/2020,99.85
2/7/2020,48.56
3/7/2020,91.41
4/7/2020,96.1
5/7/2020,334.64
6/7/2020,173.51
7/7/2020,179.41
8/7/2020,104.79
9/7/2020,60.54
10/7/2020,52.36
11/7/2020,17.84
12/7/2020,280.77
13/7/2020,167.4
14/7/2020,96.02
15/7/2020,154.34
16/7/2020,131.3
17/7/2020,128.96
18/7/2020,92.83
19/7/2020,504.06
20/7/2020,169.39
21/7/2020,70.37
22/7/2020,93.11
23/7/2020,47.78
24/7/2020,165.1
25/7/2020,104.96
26/7/2020,196.03
27/7/2020,310.6
28/7/2020,39.47
29/7/2020,117.5
30/7/2020,140.52
31/7/2020,89.35
1/8/2020,53.33
2/8/2020,203.75
3/8/2020,106.74
4/8/2020,156.05
5/8/2020,166.7
6/8/2020,92.26
7/8/2020,50.98
8/8/2020,107.06
9/8/2020,147.27
10/8/2020,163.97
11/8/2020,134.69
12/8/2020,110.59
13/8/2020,70.69
14/8/2020,90.78
15/8/2020,53.26
16/8/2020,64.95
17/8/2020,230.08
18/8/2020,214.21
19/8/2020,133.54
20/8/2020,80.68
21/8/2020,75.09
22/8/2020,121.27
23/8/2020,233.94
24/8/2020,105.15
25/8/2020,40.07
26/8/2020,120.41
27/8/2020,69.39
28/8/2020,75.27
29/8/2020,209.88
30/8/2020,57.62
31/8/2020,88.79
1/9/2020,104.85
2/9/2020,96.89
3/9/2020,148.25
4/9/2020,134.77
5/9/2020,67.79
6/9/2020,251.12
7/9/2020,51.6
8/9/2020,57.61
9/9/2020,129.44
10/9/2020,91.61
11/9/2020,83.77
12/9/2020,114.91
13/9/2020,341.22
14/9/2020,224.86
15/9/2020,179.94
16/9/2020,200.05
17/9/2020,188.28
18/9/2020,72.64
19/9/2020,82.01
20/9/2020,377.51
21/9/2020,51.8
22/9/2020,114.59
23/9/2020,52.99
24/9/2020,79.39
25/9/2020,192.7
26/9/2020,64.4
27/9/2020,169.57
28/9/2020,231.34
29/9/2020,141.05
30/9/2020,146.85
1/10/2020,65.93
2/10/2020,154.89
3/10/2020,95.81
4/10/2020,168.52
5/10/2020,68.47
6/10/2020,271.02
7/10/2020,136.16
8/10/2020,67.32
9/10/2020,153.93
10/10/2020,160.31
11/10/2020,326.89
12/10/2020,253.52
13/10/2020,77.31
14/10/2020,183.8
15/10/2020,76.31
16/10/2020,35.89
17/10/2020,81.35
18/10/2020,351.97
19/10/2020,159.23
20/10/2020,127.99
21/10/2020,82.99
22/10/2020,77.08
23/10/2020,140.59
24/10/2020,185.35
25/10/2020,151.72
26/10/2020,220.99
27/10/2020,105.24
28/10/2020,163.91
29/10/2020,239.34
30/10/2020,434.66
31/10/2020,340.99
1/11/2020,178.33
2/11/2020,219.96
3/11/2020,70.42
4/11/2020,245.86
5/11/2020,204.6
6/11/2020,99.96
7/11/2020,146.37
8/11/2020,79.28
9/11/2020,90.23
10/11/2020,51.71
11/11/2020,193.96
12/11/2020,287.93
13/11/2020,50
14/11/2020,96.07
15/11/2020,147.77
16/11/2020,126.28
17/11/2020,66.24
18/11/2020,54.92
19/11/2020,63.19
20/11/2020,86.34
21/11/2020,83
22/11/2020,227.7
23/11/2020,277.39
24/11/2020,256.75
25/11/2020,351.65
26/11/2020,89.91
27/11/2020,72.75
28/11/2020,35.57
29/11/2020,90.49
30/11/2020,161.98
1/12/2020,79.16
2/12/2020,32.94
3/12/2020,23.74
4/12/2020,12.2
5/12/2020,33.01
6/12/2020,79.62
7/12/2020,122.81
8/12/2020,53.54
9/12/2020,66.52
10/12/2020,35.36
11/12/2020,60.71
12/12/2020,81.71
13/12/2020,314.2
14/12/2020,89.54
15/12/2020,65.98
16/12/2020,21.32
17/12/2020,59.1
18/12/2020,77.51
19/12/2020,34.23
20/12/2020,228.01
21/12/2020,35.35
22/12/2020,28.13
23/12/2020,24.47
24/12/2020,14.8
25/12/2020,51.32
26/12/2020,42.06
27/12/2020,125.67
28/12/2020,151.78
29/12/2020,101.83
30/12/2020,99.19
31/12/2020,42.09
1/1/2021,185.18
2/1/2021,58.08
3/1/2021,191.72
4/1/2021,105.18
5/1/2021,107.27
6/1/2021,190.29
7/1/2021,121.55
8/1/2021,75.23
9/1/2021,33.94
10/1/2021,259.64
11/1/2021,176.98
12/1/2021,157.24
13/1/2021,53.88
14/1/2021,46.44
15/1/2021,84.08
16/1/2021,51.87
17/1/2021,162.91
18/1/2021,40.01
19/1/2021,40.8
20/1/2021,22.03
21/1/2021,48.44
22/1/2021,12.4
23/1/2021,85.69
24/1/2021,184.49
25/1/2021,17.74
26/1/2021,186.19
27/1/2021,188.69
28/1/2021,141.53
29/1/2021,85.59
30/1/2021,67.35
31/1/2021,108.71
1/2/2021,104.12
2/2/2021,121.21
3/2/2021,64.27
4/2/2021,77.71
5/2/2021,70.65
6/2/2021,16.58
7/2/2021,31.1
8/2/2021,116.37
9/2/2021,79.27
10/2/2021,55.35
11/2/2021,46.27
12/2/2021,62.28
13/2/2021,165.14
14/2/2021,146.03
15/2/2021,96.23
16/2/2021,71.24
17/2/2021,11.25
18/2/2021,119
19/2/2021,12.29
20/2/2021,67.09
21/2/2021,49.06
22/2/2021,16.66
23/2/2021,91.57
24/2/2021,63.68
25/2/2021,45.56
26/2/2021,49.19
27/2/2021,16.21
28/2/2021,144.43
1/3/2021,170.05
2/3/2021,25.9
3/3/2021,43.87
4/3/2021,33.79
5/3/2021,174.67
6/3/2021,182.86
7/3/2021,32.67
8/3/2021,121.6
9/3/2021,13.13
10/3/2021,33
11/3/2021,173.5
12/3/2021,36.88
13/3/2021,16.9
14/3/2021,67.28
15/3/2021,52.9
16/3/2021,13.66
17/3/2021,67.96
18/3/2021,46.48
19/3/2021,62.32
20/3/2021,32.76
21/3/2021,64.51
22/3/2021,51.94
23/3/2021,13.5
24/3/2021,111.46
25/3/2021,35.28
26/3/2021,37.47
27/3/2021,33.64
28/3/2021,126.88
29/3/2021,17.37
30/3/2021,13.42
31/3/2021,67.74
1/4/2021,118.55
2/4/2021,51.39
3/4/2021,124.9
4/4/2021,125.31
5/4/2021,18.45
6/4/2021,41.76
7/4/2021,44.49
8/4/2021,58.53
9/4/2021,113.9
10/4/2021,70.17
11/4/2021,240.63
12/4/2021,55.01
13/4/2021,40.8
14/4/2021,32.2
15/4/2021,22.77
16/4/2021,50.96
17/4/2021,84.18
18/4/2021,33.95
19/4/2021,121.44
20/4/2021,39.79
21/4/2021,33.63
22/4/2021,58.7
23/4/2021,136.04
24/4/2021,67.87
25/4/2021,66.6
26/4/2021,121.14
27/4/2021,13.32
28/4/2021,75.77
29/4/2021,68.15
30/4/2021,50.17
1/5/2021,84.32
2/5/2021,67.49
3/5/2021,105.06
4/5/2021,41.33
5/5/2021,22.81
6/5/2021,23.76
7/5/2021,25.68
8/5/2021,17.88
9/5/2021,136.11
10/5/2021,53.73
11/5/2021,41.19
12/5/2021,10.97
13/5/2021,11.46
14/5/2021,12.65
15/5/2021,17.85
16/5/2021,51.54
17/5/2021,35.94
18/5/2021,67.26
19/5/2021,111.45
20/5/2021,119.84
21/5/2021,106.1
22/5/2021,53.72
23/5/2021,171.51
24/5/2021,17.97
25/5/2021,96.49
26/5/2021,11.13
27/5/2021,11.65
28/5/2021,12.98
29/5/2021,36.56
30/5/2021,34.58
31/5/2021,28.22
1/6/2021,15.62
2/6/2021,23.3
3/6/2021,48.38
4/6/2021,25.76
5/6/2021,55.24
6/6/2021,68.2
7/6/2021,18.46
8/6/2021,58.35
9/6/2021,104.71
10/6/2021,23.33
11/6/2021,38.85
12/6/2021,37.51
13/6/2021,53.47
14/6/2021,127.87
15/6/2021,101.53
16/6/2021,72.42
17/6/2021,50.22
18/6/2021,80.87
19/6/2021,18.95
20/6/2021,204.83
21/6/2021,38.46
22/6/2021,14.72
23/6/2021,24.6
24/6/2021,24.95
25/6/2021,13.7
26/6/2021,19.37
27/6/2021,110.52
28/6/2021,38.74
29/6/2021,15.22
30/6/2021,49.07
1/7/2021,25.94
2/7/2021,14.18
3/7/2021,19.87
4/7/2021,55.28
5/7/2021,109.38
6/7/2021,34.18
7/7/2021,38.01
8/7/2021,38.62
9/7/2021,14.01
10/7/2021,80.72
11/7/2021,366.23
12/7/2021,40.16
13/7/2021,61.89
14/7/2021,24.98
15/7/2021,13.2
16/7/2021,110.66
17/7/2021,237.65
18/7/2021,89.34
19/7/2021,39.31
20/7/2021,62.83
21/7/2021,85.79
22/7/2021,38.21
23/7/2021,13.58
24/7/2021,19.72
25/7/2021,86.41
26/7/2021,19.48
27/7/2021,87.54
28/7/2021,110.3
29/7/2021,38.28
30/7/2021,40.66
31/7/2021,19.45
1/8/2021,176.01
2/8/2021,19.41
3/8/2021,14.74
4/8/2021,47.53
5/8/2021,99.84
6/8/2021,13.48
7/8/2021,19.16
8/8/2021,17.72
9/8/2021,138.86
10/8/2021,28.72
11/8/2021,72.58
12/8/2021,76.19
13/8/2021,13.42
14/8/2021,19.49
15/8/2021,208.91
16/8/2021,38.74
17/8/2021,201.68
18/8/2021,69.6
19/8/2021,49.09
20/8/2021,13.35
21/8/2021,18.77
22/8/2021,206.35
23/8/2021,76.03
24/8/2021,28.87
25/8/2021,81.17
26/8/2021,12.16
27/8/2021,12.27
28/8/2021,17.01
29/8/2021,16.35
30/8/2021,18.79
31/8/2021,42.85
1/9/2021,11.2
2/9/2021,48.52
3/9/2021,49.37
4/9/2021,17.46
5/9/2021,69.33
6/9/2021,58.87
7/9/2021,126.12
8/9/2021,81.45
9/9/2021,58.05
10/9/2021,11.95
11/9/2021,31.98
12/9/2021,139.01
13/9/2021,160.7
14/9/2021,166.79
15/9/2021,11.36
16/9/2021,35.72
17/9/2021,12.28
18/9/2021,16.89
19/9/2021,16.18
20/9/2021,146.94
21/9/2021,281.83
22/9/2021,172.2
23/9/2021,23.55
24/9/2021,24.3
25/9/2021,33.81
26/9/2021,96.49
27/9/2021,143.59
28/9/2021,41.99
29/9/2021,44.72
30/9/2021,68.98
1/10/2021,70.87
2/10/2021,66.7
3/10/2021,15.73
4/10/2021,107.13
5/10/2021,13.6
6/10/2021,102.87
7/10/2021,82.45
8/10/2021,36.59
9/10/2021,33.94
10/10/2021,16.15
11/10/2021,18.88
12/10/2021,28.43
13/10/2021,45.33
14/10/2021,11.43
15/10/2021,37.07
16/10/2021,32.9
17/10/2021,215.27
18/10/2021,18.44
19/10/2021,14.05
20/10/2021,22.61
21/10/2021,92.46
22/10/2021,12.25
23/10/2021,16.72
24/10/2021,65.43
25/10/2021,54.32
26/10/2021,69.58
27/10/2021,101.17
28/10/2021,57.06
29/10/2021,24.12
30/10/2021,16.28
31/10/2021,16.15
1/11/2021,127.18
2/11/2021,26.74
3/11/2021,216.7
4/11/2021,187.34
5/11/2021,215.79
6/11/2021,301.82
7/11/2021,338.45
8/11/2021,358.99
9/11/2021,257.17
10/11/2021,22.6
11/11/2021,12.28
12/11/2021,12.64
13/11/2021,17.24
14/11/2021,79.85
15/11/2021,99.72
16/11/2021,42.1
17/11/2021,57.79
18/11/2021,35.75
19/11/2021,25.16
20/11/2021,17.25
21/11/2021,48.19
22/11/2021,18.56
23/11/2021,28.81
24/11/2021,12.72
25/11/2021,38.3
26/11/2021,45.48
27/11/2021,213.71
28/11/2021,154.74
29/11/2021,54.3
30/11/2021,111.66
1/12/2021,113.42
2/12/2021,106.94
3/12/2021,180.95
4/12/2021,162.43
5/12/2021,16.96
6/12/2021,18.39
7/12/2021,70.19
8/12/2021,23.7
9/12/2021,24.22
10/12/2021,52.19
11/12/2021,111.82
12/12/2021,191.41
13/12/2021,18.87
14/12/2021,43.16
15/12/2021,35.71
16/12/2021,62.91
17/12/2021,159.57
18/12/2021,36.82
19/12/2021,84.68
20/12/2021,58.79
21/12/2021,134.62
22/12/2021,135.63
23/12/2021,66.7
24/12/2021,81.14
25/12/2021,333.57
26/12/2021,366.06
27/12/2021,218.69
28/12/2021,49.81
29/12/2021,57.65
30/12/2021,86.41
31/12/2021,120.62
1/1/2022,222.61
2/1/2022,120.22
3/1/2022,112.25
4/1/2022,33.62
5/1/2022,42.88
6/1/2022,86.93
7/1/2022,20.1
8/1/2022,45.76
9/1/2022,90.78
10/1/2022,100.45
11/1/2022,21.43
12/1/2022,225.35
13/1/2022,83.55
14/1/2022,115.98
15/1/2022,76.9
16/1/2022,168.53
17/1/2022,34.02
18/1/2022,33.69
19/1/2022,8.13
20/1/2022,49.95
21/1/2022,87.59
22/1/2022,61.26
23/1/2022,61.37
24/1/2022,73.26
25/1/2022,234.53
26/1/2022,144.59
27/1/2022,169.89
28/1/2022,48.52
29/1/2022,110.78
30/1/2022,306.93
31/1/2022,157.03
1/2/2022,136.45
2/2/2022,171.84
3/2/2022,115.14
4/2/2022,39.3
5/2/2022,30.89
6/2/2022,137.03
7/2/2022,28.42
8/2/2022,10.51
9/2/2022,31.37
10/2/2022,49.65
11/2/2022,59.3
12/2/2022,119.68
13/2/2022,131.51
14/2/2022,114.88
15/2/2022,42.75
16/2/2022,38.92
17/2/2022,66.56
18/2/2022,133.01
19/2/2022,91.75
20/2/2022,122.3
21/2/2022,63.24
22/2/2022,34.09
23/2/2022,73.48
24/2/2022,85.22
25/2/2022,168.78
26/2/2022,216.87
27/2/2022,136.23
28/2/2022,73.7
1/3/2022,84.97
2/3/2022,121.46
3/3/2022,164.71
4/3/2022,58.61
5/3/2022,108.12
6/3/2022,104.01
7/3/2022,56.91
8/3/2022,143.3
9/3/2022,107.69
10/3/2022,142.35
11/3/2022,188.09
12/3/2022,112.77
13/3/2022,227.64
14/3/2022,246.05
15/3/2022,91.68
16/3/2022,93.49
17/3/2022,111.31
18/3/2022,122.22
19/3/2022,84.36
20/3/2022,172.07
21/3/2022,153.11
22/3/2022,69.19
23/3/2022,98.22
24/3/2022,70.71
25/3/2022,102.17
26/3/2022,137.25
27/3/2022,258.25
28/3/2022,119.08
29/3/2022,184.66
30/3/2022,110.86
31/3/2022,96.02
1/4/2022,69.12
2/4/2022,33.04
3/4/2022,47.36
4/4/2022,58.15
5/4/2022,101.63
6/4/2022,128.5
7/4/2022,78.46
8/4/2022,20.62
9/4/2022,81.69
10/4/2022,295.73
11/4/2022,193.19
12/4/2022,34.16
13/4/2022,51.43
14/4/2022,103.15
15/4/2022,41.63
16/4/2022,34.83
17/4/2022,32.7
18/4/2022,76.98
19/4/2022,239.84
20/4/2022,75.77
21/4/2022,69.98
22/4/2022,90.54
23/4/2022,66.02
24/4/2022,45.49
25/4/2022,131.45
26/4/2022,44.42
27/4/2022,33.48
28/4/2022,60.13
29/4/2022,131.51
30/4/2022,327.42
1/5/2022,113.96
2/5/2022,73.17
3/5/2022,110.17
4/5/2022,199.17
5/5/2022,130.68
6/5/2022,250.97
7/5/2022,67.62
8/5/2022,277.25
9/5/2022,129.57
10/5/2022,112.36
11/5/2022,92.85
12/5/2022,68.63
13/5/2022,120.14
14/5/2022,94.75
15/5/2022,94.39
16/5/2022,57.32
17/5/2022,22.37
18/5/2022,125.3
19/5/2022,131.05
20/5/2022,149.55
21/5/2022,200.66
22/5/2022,167.08
23/5/2022,179.29
24/5/2022,92.7
25/5/2022,172.07
26/5/2022,166.85
27/5/2022,231.82
28/5/2022,32.78
29/5/2022,165.64
30/5/2022,48.78
31/5/2022,25.72
1/6/2022,69.88
2/6/2022,116.11
3/6/2022,81.92
4/6/2022,16.62
5/6/2022,60.22
6/6/2022,45.61
7/6/2022,69.52
8/6/2022,61.53
9/6/2022,113.22
10/6/2022,92.05
11/6/2022,35.14
12/6/2022,95.94
13/6/2022,93.86
14/6/2022,35.2
15/6/2022,53.8
16/6/2022,152.05
17/6/2022,70.87
18/6/2022,85.74
19/6/2022,152.69
20/6/2022,33.32
21/6/2022,98.16
22/6/2022,118.73
23/6/2022,55
24/6/2022,84.02
25/6/2022,68.51
26/6/2022,276.25
27/6/2022,80.28
28/6/2022,72.94
29/6/2022,52.98
30/6/2022,172.69
1/7/2022,188.65
2/7/2022,34.45
3/7/2022,51.31
4/7/2022,109.05
5/7/2022,56.09
6/7/2022,77.5
7/7/2022,95.37
8/7/2022,74.24
9/7/2022,55.05
10/7/2022,114.31
11/7/2022,33.04
12/7/2022,61.95
13/7/2022,46.66
14/7/2022,141.31
15/7/2022,107.08
16/7/2022,55.19
17/7/2022,133.23
18/7/2022,48.3
19/7/2022,108.18
20/7/2022,149.94
21/7/2022,119.9
22/7/2022,115.32
23/7/2022,106.76
24/7/2022,150.93
25/7/2022,79.82
26/7/2022,50.23
27/7/2022,194.15
28/7/2022,180.36
29/7/2022,86.11
30/7/2022,54.47
31/7/2022,115.53
1/8/2022,265.4
2/8/2022,60.94
3/8/2022,125.84
4/8/2022,104.16
5/8/2022,126.28
6/8/2022,90.02
7/8/2022,165.08
8/8/2022,259.28
9/8/2022,87.15
10/8/2022,120.54
11/8/2022,141.42
12/8/2022,106.87
13/8/2022,74.14
14/8/2022,50.45
15/8/2022,111.66
16/8/2022,59.72
17/8/2022,99.81
18/8/2022,9.12
19/8/2022,114.81
20/8/2022,114.9
21/8/2022,128.43
22/8/2022,446.93
23/8/2022,58.62
24/8/2022,70.68
25/8/2022,79.66
26/8/2022,58.58
27/8/2022,47.79
28/8/2022,61.43
29/8/2022,105.7
30/8/2022,127.62
31/8/2022,85.8
1/9/2022,42.39
2/9/2022,36.42
3/9/2022,14.56
4/9/2022,206.11
5/9/2022,46.61
6/9/2022,60.81
7/9/2022,96.27
8/9/2022,38.83
9/9/2022,47.57
10/9/2022,28.75
11/9/2022,29.05
12/9/2022,186.29
13/9/2022,22
14/9/2022,33.52
15/9/2022,181.06
16/9/2022,73.17
17/9/2022,160.71
18/9/2022,145.85
19/9/2022,14.36
20/9/2022,65.92
21/9/2022,106.16
22/9/2022,171.54
23/9/2022,121.27
24/9/2022,28.94
25/9/2022,58.94
26/9/2022,85.1
27/9/2022,145.78
28/9/2022,142.8
29/9/2022,34.05
30/9/2022,102.04
1/10/2022,42.71
2/10/2022,542.1
3/10/2022,171.21
4/10/2022,164.15
5/10/2022,210.92
6/10/2022,77.47
7/10/2022,28.39
8/10/2022,103.93
9/10/2022,197.14
10/10/2022,74.79
11/10/2022,22.91
12/10/2022,50.15
13/10/2022,50.96
14/10/2022,258.67
15/10/2022,72.37
16/10/2022,58.25
17/10/2022,56.99
18/10/2022,43.13
19/10/2022,67.88
20/10/2022,83.43
21/10/2022,9.46
22/10/2022,14.74
23/10/2022,99.57
24/10/2022,157.87
25/10/2022,122.36
26/10/2022,133.09
27/10/2022,196.18
28/10/2022,137.82
29/10/2022,14.45
30/10/2022,86.98
31/10/2022,213.24
1/11/2022,185.79
2/11/2022,41.91
3/11/2022,110.46
4/11/2022,46.27
5/11/2022,29.3
6/11/2022,160.95
7/11/2022,169.53
8/11/2022,112.58
9/11/2022,134.89
10/11/2022,97.71
11/11/2022,39.43
12/11/2022,61.99
13/11/2022,257.88
14/11/2022,264.1
15/11/2022,69
16/11/2022,242.28
17/11/2022,147.22
18/11/2022,143.64
19/11/2022,170.14
20/11/2022,180.72
21/11/2022,161.84
22/11/2022,320.98
23/11/2022,224.08
24/11/2022,197.36
25/11/2022,63.12
26/11/2022,168.28
27/11/2022,148.03
28/11/2022,187.46
29/11/2022,22.87
30/11/2022,52.87
1/12/2022,78.72
2/12/2022,9.8
3/12/2022,31.67
4/12/2022,106.61
5/12/2022,225.32
6/12/2022,56.08
7/12/2022,76.71
8/12/2022,95.78
9/12/2022,120.84
10/12/2022,161.95
11/12/2022,92.9
12/12/2022,104.44
13/12/2022,46.18
14/12/2022,88.71
15/12/2022,80.71
16/12/2022,97.13
17/12/2022,48.07
18/12/2022,114.73
19/12/2022,46.11
20/12/2022,96.36
21/12/2022,35.43
22/12/2022,116.9
23/12/2022,35.07
24/12/2022,58.46
25/12/2022,157.97
26/12/2022,79.46
27/12/2022,99.03
28/12/2022,123.64
29/12/2022,82.15
30/12/2022,131.67
31/12/2022,206.74
1/1/2023,196.53
2/1/2023,93.41
3/1/2023,49.69
4/1/2023,62.04
5/1/2023,292.52
6/1/2023,90.21
7/1/2023,194.97
8/1/2023,248.66
9/1/2023,72.12
10/1/2023,904.65
11/1/2023,154.5
12/1/2023,229.38
13/1/2023,99.05
14/1/2023,31.2
15/1/2023,277.58
16/1/2023,67.86
17/1/2023,114.29
18/1/2023,109.52
19/1/2023,34
20/1/2023,207.69
21/1/2023,141.88
22/1/2023,77.63
23/1/2023,301.34
24/1/2023,249.54
25/1/2023,273.12
26/1/2023,43.55
27/1/2023,117.38
28/1/2023,47.75
29/1/2023,125.45
30/1/2023,196.65
31/1/2023,176.14
1/2/2023,206.28
2/2/2023,249.98
3/2/2023,30.57
4/2/2023,65.95
5/2/2023,47.91
6/2/2023,317.77
7/2/2023,256.58
8/2/2023,108.98
9/2/2023,122.55
10/2/2023,30.45
11/2/2023,188.18
12/2/2023,15.92
13/2/2023,14.21
14/2/2023,139.24
15/2/2023,216.26
16/2/2023,67.3
17/2/2023,47.78
18/2/2023,179.9
19/2/2023,78.54
20/2/2023,31.25
21/2/2023,113.89
22/2/2023,41.15
23/2/2023,163.06
24/2/2023,85.09
25/2/2023,45.89
26/2/2023,14.69
27/2/2023,13.77
28/2/2023,10.58
1/3/2023,96.62
2/3/2023,243.76
3/3/2023,64.1
4/3/2023,43.48
5/3/2023,158.83
6/3/2023,13.77
7/3/2023,246.45
8/3/2023,16.43
9/3/2023,25.43
10/3/2023,337.36
11/3/2023,265.47
12/3/2023,42.01
13/3/2023,239.5
14/3/2023,74.82
15/3/2023,65.92
16/3/2023,271.32
17/3/2023,78.3
18/3/2023,32.77
19/3/2023,97.28
20/3/2023,148.86
21/3/2023,76.14
22/3/2023,189.59
23/3/2023,341.16
24/3/2023,248.86
25/3/2023,168.52
26/3/2023,218.28
27/3/2023,133.66
28/3/2023,222.47
29/3/2023,139.25
30/3/2023,168.79
31/3/2023,98.47
1/4/2023,124.12
2/4/2023,248.19
3/4/2023,105.28
4/4/2023,145.63
5/4/2023,146.5
6/4/2023,24.48
7/4/2023,50.5
8/4/2023,139.98
9/4/2023,81.15
10/4/2023,55.68
11/4/2023,182.49
12/4/2023,88.1
13/4/2023,188.66
14/4/2023,20.06
15/4/2023,16.54
16/4/2023,149.85
17/4/2023,94.36
18/4/2023,72.93
19/4/2023,177.38
20/4/2023,8.38
21/4/2023,188.08
22/4/2023,78.59
23/4/2023,47.87
24/4/2023,274.86
25/4/2023,62.58
26/4/2023,92.5
27/4/2023,301.22
28/4/2023,27.44
29/4/2023,14.51
30/4/2023,192.86
1/5/2023,38.5
2/5/2023,542.55
3/5/2023,146.93
4/5/2023,145.94
5/5/2023,19.63
6/5/2023,45.73
7/5/2023,112.04
8/5/2023,540.52
9/5/2023,71.35
10/5/2023,7.6
11/5/2023,172.4
12/5/2023,67.25
13/5/2023,62.52
14/5/2023,108.86
15/5/2023,104.07
16/5/2023,10.36
17/5/2023,23.53
18/5/2023,293.47
19/5/2023,68.3
20/5/2023,287.15
21/5/2023,125.42
22/5/2023,902.81
23/5/2023,52.84
24/5/2023,55.97
25/5/2023,32.44
26/5/2023,289.17
27/5/2023,46.92
28/5/2023,47.55
29/5/2023,42.21
30/5/2023,23.32
31/5/2023,220.41
1/6/2023,24.44
2/6/2023,90.46
3/6/2023,60.4
4/6/2023,60.88
5/6/2023,26.86
6/6/2023,21.92
7/6/2023,24.66
8/6/2023,180.41
9/6/2023,19.08
10/6/2023,46.11
11/6/2023,15.8
12/6/2023,240.04
13/6/2023,10.79
14/6/2023,24.7
15/6/2023,93.19
16/6/2023,29.71
17/6/2023,32.21
18/6/2023,78.98
19/6/2023,48.49
20/6/2023,55.94
21/6/2023,94.41
22/6/2023,17.36
23/6/2023,19.43
24/6/2023,15.66
25/6/2023,297.76
26/6/2023,268.82
27/6/2023,67.19
28/6/2023,96.04
29/6/2023,25.8
30/6/2023,68.45
1/7/2023,60.77
2/7/2023,68.48
3/7/2023,15.59
4/7/2023,19.96
5/7/2023,40.04
6/7/2023,8.92
7/7/2023,10.23
8/7/2023,15.93
9/7/2023,154.39
10/7/2023,44.09
11/7/2023,11.03
12/7/2023,45.04
13/7/2023,164.72
14/7/2023,427.76
15/7/2023,77.55
16/7/2023,52.05
17/7/2023,58.49
18/7/2023,11.4
19/7/2023,52.99
20/7/2023,389.07
21/7/2023,50.49
22/7/2023,46.02
23/7/2023,17.81
24/7/2023,29.2
25/7/2023,22.03
26/7/2023,89.06
27/7/2023,43.15
28/7/2023,176.89
29/7/2023,74.85
30/7/2023,205.34
31/7/2023,255.77
1/8/2023,247.71
2/8/2023,8.87
3/8/2023,214.88
4/8/2023,49.7
5/8/2023,30.71
6/8/2023,34.45
7/8/2023,14.15
8/8/2023,10.92
9/8/2023,26.45
10/8/2023,17.49
11/8/2023,132.1
12/8/2023,14.8
13/8/2023,16.81
14/8/2023,239.9
15/8/2023,43.08
16/8/2023,35.52
17/8/2023,25.06
18/8/2023,19.39
19/8/2023,28.57
20/8/2023,113.03
21/8/2023,273.32
22/8/2023,21.28
23/8/2023,222.43
24/8/2023,16.06
25/8/2023,9.25
26/8/2023,51.65
27/8/2023,15.96
28/8/2023,13.15
29/8/2023,10.09
30/8/2023,33.47
31/8/2023,8.13
1/9/2023,26.59
2/9/2023,24.76
3/9/2023,16.97
4/9/2023,173.42
5/9/2023,10.89
6/9/2023,41.42
7/9/2023,39.24
8/9/2023,203.38
9/9/2023,12.33
10/9/2023,76.86
11/9/2023,126.9
12/9/2023,125.65
13/9/2023,141.23
14/9/2023,31.7
15/9/2023,44
16/9/2023,38.08
17/9/2023,15.14
18/9/2023,38.66
19/9/2023,19.75
20/9/2023,48.34
21/9/2023,23.3
22/9/2023,8.64
23/9/2023,37.93
24/9/2023,14.83
25/9/2023,12.86
26/9/2023,30.54
27/9/2023,112.54
28/9/2023,23.19
29/9/2023,8.51
30/9/2023,12.45
1/10/2023,45.1
2/10/2023,25.28
3/10/2023,10.14
4/10/2023,24.29
5/10/2023,7.87
6/10/2023,129.95
7/10/2023,26.07
8/10/2023,94.88
9/10/2023,152.56
10/10/2023,10.45
11/10/2023,187.74
12/10/2023,55.34
13/10/2023,172.41
14/10/2023,26.4
15/10/2023,892.29
16/10/2023,71.57
17/10/2023,78.94
18/10/2023,32.71
19/10/2023,152.95
20/10/2023,459.79
21/10/2023,291.4
22/10/2023,313.65
23/10/2023,242.75
24/10/2023,29.91
25/10/2023,71.58
26/10/2023,153.1
27/10/2023,227.97
28/10/2023,37.46
29/10/2023,59.36
30/10/2023,356.93
31/10/2023,40.46
1/11/2023,157.53
2/11/2023,48.19
3/11/2023,56.72
4/11/2023,26.07
5/11/2023,44.77
6/11/2023,82.91
7/11/2023,56.79
8/11/2023,297.62
9/11/2023,252.32
10/11/2023,154.34
11/11/2023,56.78
12/11/2023,73.23
13/11/2023,50.85
14/11/2023,9.83
15/11/2023,24.64
16/11/2023,32.65
17/11/2023,508.48
18/11/2023,41.21
19/11/2023,77.72
20/11/2023,37.54
21/11/2023,88.36
22/11/2023,41.22
23/11/2023,27.03
24/11/2023,70.99
25/11/2023,30.53
26/11/2023,100.46
27/11/2023,27.51
28/11/2023,236.49
29/11/2023,76.12
30/11/2023,24.24
1/12/2023,9.16
2/12/2023,13.45
3/12/2023,44.75
4/12/2023,13.44
5/12/2023,280.26
6/12/2023,49.57
7/12/2023,72.51
8/12/2023,94.32
9/12/2023,180.66
10/12/2023,64.75
11/12/2023,55.83
12/12/2023,10.78
13/12/2023,26.01
14/12/2023,33.73
15/12/2023,37.93
16/12/2023,13.64
17/12/2023,49.75
18/12/2023,625.54
19/12/2023,226.39
20/12/2023,43.43
21/12/2023,25.2
22/12/2023,52.53
23/12/2023,351.39
24/12/2023,72.78
25/12/2023,65.06
26/12/2023,116.75
27/12/2023,268.82
28/12/2023,344.24
29/12/2023,94.12
30/12/2023,82.08
31/12/2023,145.24
1/1/2024,52.74
2/1/2024,50.17
3/1/2024,47.39
4/1/2024,142.64
5/1/2024,79.88
6/1/2024,98.94
7/1/2024,143.51
8/1/2024,40.32
9/1/2024,32.32
10/1/2024,35.13
11/1/2024,33.25
12/1/2024,67.25
13/1/2024,13.56
14/1/2024,16.66
15/1/2024,15.02
16/1/2024,56.22
17/1/2024,17.49
18/1/2024,201.24
19/1/2024,367.02
20/1/2024,55.15
21/1/2024,16.95
22/1/2024,251.38
23/1/2024,198.45
24/1/2024,43.09
25/1/2024,158.74
26/1/2024,9.74
27/1/2024,14.12
28/1/2024,47.87
29/1/2024,13.95
30/1/2024,31.56
31/1/2024,16.51
1/2/2024,152.74
2/2/2024,9.65
3/2/2024,27.89
4/2/2024,112.03
5/2/2024,281.84
6/2/2024,30.76
7/2/2024,205.61
8/2/2024,8.07
9/2/2024,18.68
10/2/2024,13.28
11/2/2024,275.83
12/2/2024,303.13
13/2/2024,53.44
14/2/2024,76.07
15/2/2024,185.68
16/2/2024,9.57
17/2/2024,27.75
18/2/2024,16.56
19/2/2024,62.15
20/2/2024,229.63
21/2/2024,292.04
22/2/2024,176.15
23/2/2024,9.92
24/2/2024,245.48
25/2/2024,97.55
26/2/2024,13.35
27/2/2024,205.46
28/2/2024,138.93
29/2/2024,57.22
1/3/2024,9.61
2/3/2024,54.65
3/3/2024,16.05
4/3/2024,341.86
5/3/2024,206.34
6/3/2024,25
7/3/2024,8.27
8/3/2024,19.25
9/3/2024,26.9
10/3/2024,15.69
11/3/2024,13.47
12/3/2024,21.14
13/3/2024,289.93
14/3/2024,16.63
15/3/2024,188.64
16/3/2024,43.36
17/3/2024,32.71
18/3/2024,184.08
19/3/2024,20.99
20/3/2024,82.86
21/3/2024,186.73
22/3/2024,191.79
23/3/2024,57.42
24/3/2024,32.59
25/3/2024,13.94
26/3/2024,288.74
27/3/2024,194.97
28/3/2024,8.65
29/3/2024,51.39
30/3/2024,101.1
31/3/2024,16.78
